j2p,k_over_pi,k,sector,band,gap,D,chi_tm,lattice,quality,source_job,quality_note,source_path,checkpoint,source_sha256
0.3,0.0,0.0,trivial,1,0.31813395876174755,8,256,merge,preliminary,43230054,old even-twelfth points; Arnoldi converged only 0-1 of 10 requested eigenvalues,D:\1 - research\1.24 - Honeycomb_J1J2\analysis\tm_spectrum_compare_20260714\tm_spectrum_J2p0p30_0p40_0p46_0p50_D8_chi256_kpi12.csv,/gpfs/projects/ehpc670/data/J1J2p_Honeycomb_merge(S=0.5,
0.3,0.0,0.0,trivial,2,0.32633473338399765,8,256,merge,preliminary,43230054,old even-twelfth points; Arnoldi converged only 0-1 of 10 requested eigenvalues,D:\1 - research\1.24 - Honeycomb_J1J2\analysis\tm_spectrum_compare_20260714\tm_spectrum_J2p0p30_0p40_0p46_0p50_D8_chi256_kpi12.csv,/gpfs/projects/ehpc670/data/J1J2p_Honeycomb_merge(S=0.5,
0.3,0.0,0.0,trivial,3,0.6134209139922537,8,256,merge,preliminary,43230054,old even-twelfth points; Arnoldi converged only 0-1 of 10 requested eigenvalues,D:\1 - research\1.24 - Honeycomb_J1J2\analysis\tm_spectrum_compare_20260714\tm_spectrum_J2p0p30_0p40_0p46_0p50_D8_chi256_kpi12.csv,/gpfs/projects/ehpc670/data/J1J2p_Honeycomb_merge(S=0.5,
0.3,0.0,0.0,trivial,4,0.7000489448099596,8,256,merge,preliminary,43230054,old even-twelfth points; Arnoldi converged only 0-1 of 10 requested eigenvalues,D:\1 - research\1.24 - Honeycomb_J1J2\analysis\tm_spectrum_compare_20260714\tm_spectrum_J2p0p30_0p40_0p46_0p50_D8_chi256_kpi12.csv,/gpfs/projects/ehpc670/data/J1J2p_Honeycomb_merge(S=0.5,
0.3,0.0,0.0,trivial,5,0.7003930357984124,8,256,merge,preliminary,43230054,old even-twelfth points; Arnoldi converged only 0-1 of 10 requested eigenvalues,D:\1 - research\1.24 - Honeycomb_J1J2\analysis\tm_spectrum_compare_20260714\tm_spectrum_J2p0p30_0p40_0p46_0p50_D8_chi256_kpi12.csv,/gpfs/projects/ehpc670/data/J1J2p_Honeycomb_merge(S=0.5,
0.3,0.0,0.0,trivial,6,0.7834492946670725,8,256,merge,preliminary,43230054,old even-twelfth points; Arnoldi converged only 0-1 of 10 requested eigenvalues,D:\1 - research\1.24 - Honeycomb_J1J2\analysis\tm_spectrum_compare_20260714\tm_spectrum_J2p0p30_0p40_0p46_0p50_D8_chi256_kpi12.csv,/gpfs/projects/ehpc670/data/J1J2p_Honeycomb_merge(S=0.5,
0.3,0.0,0.0,trivial,7,0.8705793874150765,8,256,merge,preliminary,43230054,old even-twelfth points; Arnoldi converged only 0-1 of 10 requested eigenvalues,D:\1 - research\1.24 - Honeycomb_J1J2\analysis\tm_spectrum_compare_20260714\tm_spectrum_J2p0p30_0p40_0p46_0p50_D8_chi256_kpi12.csv,/gpfs/projects/ehpc670/data/J1J2p_Honeycomb_merge(S=0.5,
0.3,0.0,0.0,trivial,8,0.8894332812068182,8,256,merge,preliminary,43230054,old even-twelfth points; Arnoldi converged only 0-1 of 10 requested eigenvalues,D:\1 - research\1.24 - Honeycomb_J1J2\analysis\tm_spectrum_compare_20260714\tm_spectrum_J2p0p30_0p40_0p46_0p50_D8_chi256_kpi12.csv,/gpfs/projects/ehpc670/data/J1J2p_Honeycomb_merge(S=0.5,
0.3,0.0,0.0,trivial,9,0.999485863426326,8,256,merge,preliminary,43230054,old even-twelfth points; Arnoldi converged only 0-1 of 10 requested eigenvalues,D:\1 - research\1.24 - Honeycomb_J1J2\analysis\tm_spectrum_compare_20260714\tm_spectrum_J2p0p30_0p40_0p46_0p50_D8_chi256_kpi12.csv,/gpfs/projects/ehpc670/data/J1J2p_Honeycomb_merge(S=0.5,
0.3,0.0,0.0,trivial,10,1.0773308320324673,8,256,merge,preliminary,43230054,old even-twelfth points; Arnoldi converged only 0-1 of 10 requested eigenvalues,D:\1 - research\1.24 - Honeycomb_J1J2\analysis\tm_spectrum_compare_20260714\tm_spectrum_J2p0p30_0p40_0p46_0p50_D8_chi256_kpi12.csv,/gpfs/projects/ehpc670/data/J1J2p_Honeycomb_merge(S=0.5,
0.3,0.08333333333333333,0.2617993877991494,trivial,1,0.3730066218264696,8,256,merge,strict,43282536,10/10 eigensolver gate; frozen environment loaded once,D:\1 - research\1.24 - Honeycomb_J1J2\analysis\tm_spectrum_compare_20260714\tm_spectrum_J2p0p30_0p40_0p46_0p50_D8_chi256_kpi12.csv,/gpfs/projects/ehpc670/data/J1J2p_Honeycomb_merge(S=0.5,
0.3,0.08333333333333333,0.2617993877991494,trivial,2,0.41201109544193193,8,256,merge,strict,43282536,10/10 eigensolver gate; frozen environment loaded once,D:\1 - research\1.24 - Honeycomb_J1J2\analysis\tm_spectrum_compare_20260714\tm_spectrum_J2p0p30_0p40_0p46_0p50_D8_chi256_kpi12.csv,/gpfs/projects/ehpc670/data/J1J2p_Honeycomb_merge(S=0.5,
0.3,0.08333333333333333,0.2617993877991494,trivial,3,0.6779389866340071,8,256,merge,strict,43282536,10/10 eigensolver gate; frozen environment loaded once,D:\1 - research\1.24 - Honeycomb_J1J2\analysis\tm_spectrum_compare_20260714\tm_spectrum_J2p0p30_0p40_0p46_0p50_D8_chi256_kpi12.csv,/gpfs/projects/ehpc670/data/J1J2p_Honeycomb_merge(S=0.5,
0.3,0.08333333333333333,0.2617993877991494,trivial,4,0.7361343588553716,8,256,merge,strict,43282536,10/10 eigensolver gate; frozen environment loaded once,D:\1 - research\1.24 - Honeycomb_J1J2\analysis\tm_spectrum_compare_20260714\tm_spectrum_J2p0p30_0p40_0p46_0p50_D8_chi256_kpi12.csv,/gpfs/projects/ehpc670/data/J1J2p_Honeycomb_merge(S=0.5,
0.3,0.08333333333333333,0.2617993877991494,trivial,5,0.7368084230392817,8,256,merge,strict,43282536,10/10 eigensolver gate; frozen environment loaded once,D:\1 - research\1.24 - Honeycomb_J1J2\analysis\tm_spectrum_compare_20260714\tm_spectrum_J2p0p30_0p40_0p46_0p50_D8_chi256_kpi12.csv,/gpfs/projects/ehpc670/data/J1J2p_Honeycomb_merge(S=0.5,
0.3,0.08333333333333333,0.2617993877991494,trivial,6,0.7401945915091515,8,256,merge,strict,43282536,10/10 eigensolver gate; frozen environment loaded once,D:\1 - research\1.24 - Honeycomb_J1J2\analysis\tm_spectrum_compare_20260714\tm_spectrum_J2p0p30_0p40_0p46_0p50_D8_chi256_kpi12.csv,/gpfs/projects/ehpc670/data/J1J2p_Honeycomb_merge(S=0.5,
0.3,0.08333333333333333,0.2617993877991494,trivial,7,0.8196808920631465,8,256,merge,strict,43282536,10/10 eigensolver gate; frozen environment loaded once,D:\1 - research\1.24 - Honeycomb_J1J2\analysis\tm_spectrum_compare_20260714\tm_spectrum_J2p0p30_0p40_0p46_0p50_D8_chi256_kpi12.csv,/gpfs/projects/ehpc670/data/J1J2p_Honeycomb_merge(S=0.5,
0.3,0.08333333333333333,0.2617993877991494,trivial,8,0.8891751509873327,8,256,merge,strict,43282536,10/10 eigensolver gate; frozen environment loaded once,D:\1 - research\1.24 - Honeycomb_J1J2\analysis\tm_spectrum_compare_20260714\tm_spectrum_J2p0p30_0p40_0p46_0p50_D8_chi256_kpi12.csv,/gpfs/projects/ehpc670/data/J1J2p_Honeycomb_merge(S=0.5,
0.3,0.08333333333333333,0.2617993877991494,trivial,9,0.9075574588722681,8,256,merge,strict,43282536,10/10 eigensolver gate; frozen environment loaded once,D:\1 - research\1.24 - Honeycomb_J1J2\analysis\tm_spectrum_compare_20260714\tm_spectrum_J2p0p30_0p40_0p46_0p50_D8_chi256_kpi12.csv,/gpfs/projects/ehpc670/data/J1J2p_Honeycomb_merge(S=0.5,
0.3,0.08333333333333333,0.2617993877991494,trivial,10,0.9137000483194603,8,256,merge,strict,43282536,10/10 eigensolver gate; frozen environment loaded once,D:\1 - research\1.24 - Honeycomb_J1J2\analysis\tm_spectrum_compare_20260714\tm_spectrum_J2p0p30_0p40_0p46_0p50_D8_chi256_kpi12.csv,/gpfs/projects/ehpc670/data/J1J2p_Honeycomb_merge(S=0.5,
0.3,0.16666666666666666,0.5235987755982988,trivial,1,0.5502027096423483,8,256,merge,preliminary,43230054,old even-twelfth points; Arnoldi converged only 0-1 of 10 requested eigenvalues,D:\1 - research\1.24 - Honeycomb_J1J2\analysis\tm_spectrum_compare_20260714\tm_spectrum_J2p0p30_0p40_0p46_0p50_D8_chi256_kpi12.csv,/gpfs/projects/ehpc670/data/J1J2p_Honeycomb_merge(S=0.5,
0.3,0.16666666666666666,0.5235987755982988,trivial,2,0.5692884766275584,8,256,merge,preliminary,43230054,old even-twelfth points; Arnoldi converged only 0-1 of 10 requested eigenvalues,D:\1 - research\1.24 - Honeycomb_J1J2\analysis\tm_spectrum_compare_20260714\tm_spectrum_J2p0p30_0p40_0p46_0p50_D8_chi256_kpi12.csv,/gpfs/projects/ehpc670/data/J1J2p_Honeycomb_merge(S=0.5,
0.3,0.16666666666666666,0.5235987755982988,trivial,3,0.7746271672325968,8,256,merge,preliminary,43230054,old even-twelfth points; Arnoldi converged only 0-1 of 10 requested eigenvalues,D:\1 - research\1.24 - Honeycomb_J1J2\analysis\tm_spectrum_compare_20260714\tm_spectrum_J2p0p30_0p40_0p46_0p50_D8_chi256_kpi12.csv,/gpfs/projects/ehpc670/data/J1J2p_Honeycomb_merge(S=0.5,
0.3,0.16666666666666666,0.5235987755982988,trivial,4,0.8328683538733586,8,256,merge,preliminary,43230054,old even-twelfth points; Arnoldi converged only 0-1 of 10 requested eigenvalues,D:\1 - research\1.24 - Honeycomb_J1J2\analysis\tm_spectrum_compare_20260714\tm_spectrum_J2p0p30_0p40_0p46_0p50_D8_chi256_kpi12.csv,/gpfs/projects/ehpc670/data/J1J2p_Honeycomb_merge(S=0.5,
0.3,0.16666666666666666,0.5235987755982988,trivial,5,0.8357785828600575,8,256,merge,preliminary,43230054,old even-twelfth points; Arnoldi converged only 0-1 of 10 requested eigenvalues,D:\1 - research\1.24 - Honeycomb_J1J2\analysis\tm_spectrum_compare_20260714\tm_spectrum_J2p0p30_0p40_0p46_0p50_D8_chi256_kpi12.csv,/gpfs/projects/ehpc670/data/J1J2p_Honeycomb_merge(S=0.5,
0.3,0.16666666666666666,0.5235987755982988,trivial,6,0.9037661502675742,8,256,merge,preliminary,43230054,old even-twelfth points; Arnoldi converged only 0-1 of 10 requested eigenvalues,D:\1 - research\1.24 - Honeycomb_J1J2\analysis\tm_spectrum_compare_20260714\tm_spectrum_J2p0p30_0p40_0p46_0p50_D8_chi256_kpi12.csv,/gpfs/projects/ehpc670/data/J1J2p_Honeycomb_merge(S=0.5,
0.3,0.16666666666666666,0.5235987755982988,trivial,7,0.983410416583161,8,256,merge,preliminary,43230054,old even-twelfth points; Arnoldi converged only 0-1 of 10 requested eigenvalues,D:\1 - research\1.24 - Honeycomb_J1J2\analysis\tm_spectrum_compare_20260714\tm_spectrum_J2p0p30_0p40_0p46_0p50_D8_chi256_kpi12.csv,/gpfs/projects/ehpc670/data/J1J2p_Honeycomb_merge(S=0.5,
0.3,0.16666666666666666,0.5235987755982988,trivial,8,0.9949451968683055,8,256,merge,preliminary,43230054,old even-twelfth points; Arnoldi converged only 0-1 of 10 requested eigenvalues,D:\1 - research\1.24 - Honeycomb_J1J2\analysis\tm_spectrum_compare_20260714\tm_spectrum_J2p0p30_0p40_0p46_0p50_D8_chi256_kpi12.csv,/gpfs/projects/ehpc670/data/J1J2p_Honeycomb_merge(S=0.5,
0.3,0.16666666666666666,0.5235987755982988,trivial,9,1.0824920400868634,8,256,merge,preliminary,43230054,old even-twelfth points; Arnoldi converged only 0-1 of 10 requested eigenvalues,D:\1 - research\1.24 - Honeycomb_J1J2\analysis\tm_spectrum_compare_20260714\tm_spectrum_J2p0p30_0p40_0p46_0p50_D8_chi256_kpi12.csv,/gpfs/projects/ehpc670/data/J1J2p_Honeycomb_merge(S=0.5,
0.3,0.16666666666666666,0.5235987755982988,trivial,10,1.1782690494675172,8,256,merge,preliminary,43230054,old even-twelfth points; Arnoldi converged only 0-1 of 10 requested eigenvalues,D:\1 - research\1.24 - Honeycomb_J1J2\analysis\tm_spectrum_compare_20260714\tm_spectrum_J2p0p30_0p40_0p46_0p50_D8_chi256_kpi12.csv,/gpfs/projects/ehpc670/data/J1J2p_Honeycomb_merge(S=0.5,
0.3,0.25,0.7853981633974483,trivial,1,0.7308707980950336,8,256,merge,strict,43282536,10/10 eigensolver gate; frozen environment loaded once,D:\1 - research\1.24 - Honeycomb_J1J2\analysis\tm_spectrum_compare_20260714\tm_spectrum_J2p0p30_0p40_0p46_0p50_D8_chi256_kpi12.csv,/gpfs/projects/ehpc670/data/J1J2p_Honeycomb_merge(S=0.5,
0.3,0.25,0.7853981633974483,trivial,2,0.7331711809214412,8,256,merge,strict,43282536,10/10 eigensolver gate; frozen environment loaded once,D:\1 - research\1.24 - Honeycomb_J1J2\analysis\tm_spectrum_compare_20260714\tm_spectrum_J2p0p30_0p40_0p46_0p50_D8_chi256_kpi12.csv,/gpfs/projects/ehpc670/data/J1J2p_Honeycomb_merge(S=0.5,
0.3,0.25,0.7853981633974483,trivial,3,0.8707228089589036,8,256,merge,strict,43282536,10/10 eigensolver gate; frozen environment loaded once,D:\1 - research\1.24 - Honeycomb_J1J2\analysis\tm_spectrum_compare_20260714\tm_spectrum_J2p0p30_0p40_0p46_0p50_D8_chi256_kpi12.csv,/gpfs/projects/ehpc670/data/J1J2p_Honeycomb_merge(S=0.5,
0.3,0.25,0.7853981633974483,trivial,4,0.9677608792097003,8,256,merge,strict,43282536,10/10 eigensolver gate; frozen environment loaded once,D:\1 - research\1.24 - Honeycomb_J1J2\analysis\tm_spectrum_compare_20260714\tm_spectrum_J2p0p30_0p40_0p46_0p50_D8_chi256_kpi12.csv,/gpfs/projects/ehpc670/data/J1J2p_Honeycomb_merge(S=0.5,
0.3,0.25,0.7853981633974483,trivial,5,0.9744732689452338,8,256,merge,strict,43282536,10/10 eigensolver gate; frozen environment loaded once,D:\1 - research\1.24 - Honeycomb_J1J2\analysis\tm_spectrum_compare_20260714\tm_spectrum_J2p0p30_0p40_0p46_0p50_D8_chi256_kpi12.csv,/gpfs/projects/ehpc670/data/J1J2p_Honeycomb_merge(S=0.5,
0.3,0.25,0.7853981633974483,trivial,6,0.9753534517331435,8,256,merge,strict,43282536,10/10 eigensolver gate; frozen environment loaded once,D:\1 - research\1.24 - Honeycomb_J1J2\analysis\tm_spectrum_compare_20260714\tm_spectrum_J2p0p30_0p40_0p46_0p50_D8_chi256_kpi12.csv,/gpfs/projects/ehpc670/data/J1J2p_Honeycomb_merge(S=0.5,
0.3,0.25,0.7853981633974483,trivial,7,1.0232204889161631,8,256,merge,strict,43282536,10/10 eigensolver gate; frozen environment loaded once,D:\1 - research\1.24 - Honeycomb_J1J2\analysis\tm_spectrum_compare_20260714\tm_spectrum_J2p0p30_0p40_0p46_0p50_D8_chi256_kpi12.csv,/gpfs/projects/ehpc670/data/J1J2p_Honeycomb_merge(S=0.5,
0.3,0.25,0.7853981633974483,trivial,8,1.094670276243512,8,256,merge,strict,43282536,10/10 eigensolver gate; frozen environment loaded once,D:\1 - research\1.24 - Honeycomb_J1J2\analysis\tm_spectrum_compare_20260714\tm_spectrum_J2p0p30_0p40_0p46_0p50_D8_chi256_kpi12.csv,/gpfs/projects/ehpc670/data/J1J2p_Honeycomb_merge(S=0.5,
0.3,0.25,0.7853981633974483,trivial,9,1.096339975588304,8,256,merge,strict,43282536,10/10 eigensolver gate; frozen environment loaded once,D:\1 - research\1.24 - Honeycomb_J1J2\analysis\tm_spectrum_compare_20260714\tm_spectrum_J2p0p30_0p40_0p46_0p50_D8_chi256_kpi12.csv,/gpfs/projects/ehpc670/data/J1J2p_Honeycomb_merge(S=0.5,
0.3,0.25,0.7853981633974483,trivial,10,1.0973505692568333,8,256,merge,strict,43282536,10/10 eigensolver gate; frozen environment loaded once,D:\1 - research\1.24 - Honeycomb_J1J2\analysis\tm_spectrum_compare_20260714\tm_spectrum_J2p0p30_0p40_0p46_0p50_D8_chi256_kpi12.csv,/gpfs/projects/ehpc670/data/J1J2p_Honeycomb_merge(S=0.5,
0.3,0.3333333333333333,1.0471975511965976,trivial,1,0.8839266688627032,8,256,merge,preliminary,43230054,old even-twelfth points; Arnoldi converged only 0-1 of 10 requested eigenvalues,D:\1 - research\1.24 - Honeycomb_J1J2\analysis\tm_spectrum_compare_20260714\tm_spectrum_J2p0p30_0p40_0p46_0p50_D8_chi256_kpi12.csv,/gpfs/projects/ehpc670/data/J1J2p_Honeycomb_merge(S=0.5,
0.3,0.3333333333333333,1.0471975511965976,trivial,2,0.8883671259934629,8,256,merge,preliminary,43230054,old even-twelfth points; Arnoldi converged only 0-1 of 10 requested eigenvalues,D:\1 - research\1.24 - Honeycomb_J1J2\analysis\tm_spectrum_compare_20260714\tm_spectrum_J2p0p30_0p40_0p46_0p50_D8_chi256_kpi12.csv,/gpfs/projects/ehpc670/data/J1J2p_Honeycomb_merge(S=0.5,
0.3,0.3333333333333333,1.0471975511965976,trivial,3,0.960316207200805,8,256,merge,preliminary,43230054,old even-twelfth points; Arnoldi converged only 0-1 of 10 requested eigenvalues,D:\1 - research\1.24 - Honeycomb_J1J2\analysis\tm_spectrum_compare_20260714\tm_spectrum_J2p0p30_0p40_0p46_0p50_D8_chi256_kpi12.csv,/gpfs/projects/ehpc670/data/J1J2p_Honeycomb_merge(S=0.5,
0.3,0.3333333333333333,1.0471975511965976,trivial,4,1.1331594711946447,8,256,merge,preliminary,43230054,old even-twelfth points; Arnoldi converged only 0-1 of 10 requested eigenvalues,D:\1 - research\1.24 - Honeycomb_J1J2\analysis\tm_spectrum_compare_20260714\tm_spectrum_J2p0p30_0p40_0p46_0p50_D8_chi256_kpi12.csv,/gpfs/projects/ehpc670/data/J1J2p_Honeycomb_merge(S=0.5,
0.3,0.3333333333333333,1.0471975511965976,trivial,5,1.143196901022202,8,256,merge,preliminary,43230054,old even-twelfth points; Arnoldi converged only 0-1 of 10 requested eigenvalues,D:\1 - research\1.24 - Honeycomb_J1J2\analysis\tm_spectrum_compare_20260714\tm_spectrum_J2p0p30_0p40_0p46_0p50_D8_chi256_kpi12.csv,/gpfs/projects/ehpc670/data/J1J2p_Honeycomb_merge(S=0.5,
0.3,0.3333333333333333,1.0471975511965976,trivial,6,1.2064025673384708,8,256,merge,preliminary,43230054,old even-twelfth points; Arnoldi converged only 0-1 of 10 requested eigenvalues,D:\1 - research\1.24 - Honeycomb_J1J2\analysis\tm_spectrum_compare_20260714\tm_spectrum_J2p0p30_0p40_0p46_0p50_D8_chi256_kpi12.csv,/gpfs/projects/ehpc670/data/J1J2p_Honeycomb_merge(S=0.5,
0.3,0.3333333333333333,1.0471975511965976,trivial,7,1.2247110987407426,8,256,merge,preliminary,43230054,old even-twelfth points; Arnoldi converged only 0-1 of 10 requested eigenvalues,D:\1 - research\1.24 - Honeycomb_J1J2\analysis\tm_spectrum_compare_20260714\tm_spectrum_J2p0p30_0p40_0p46_0p50_D8_chi256_kpi12.csv,/gpfs/projects/ehpc670/data/J1J2p_Honeycomb_merge(S=0.5,
0.3,0.3333333333333333,1.0471975511965976,trivial,8,1.2911191916676672,8,256,merge,preliminary,43230054,old even-twelfth points; Arnoldi converged only 0-1 of 10 requested eigenvalues,D:\1 - research\1.24 - Honeycomb_J1J2\analysis\tm_spectrum_compare_20260714\tm_spectrum_J2p0p30_0p40_0p46_0p50_D8_chi256_kpi12.csv,/gpfs/projects/ehpc670/data/J1J2p_Honeycomb_merge(S=0.5,
0.3,0.3333333333333333,1.0471975511965976,trivial,9,1.3869105317025614,8,256,merge,preliminary,43230054,old even-twelfth points; Arnoldi converged only 0-1 of 10 requested eigenvalues,D:\1 - research\1.24 - Honeycomb_J1J2\analysis\tm_spectrum_compare_20260714\tm_spectrum_J2p0p30_0p40_0p46_0p50_D8_chi256_kpi12.csv,/gpfs/projects/ehpc670/data/J1J2p_Honeycomb_merge(S=0.5,
0.3,0.3333333333333333,1.0471975511965976,trivial,10,1.490904623975516,8,256,merge,preliminary,43230054,old even-twelfth points; Arnoldi converged only 0-1 of 10 requested eigenvalues,D:\1 - research\1.24 - Honeycomb_J1J2\analysis\tm_spectrum_compare_20260714\tm_spectrum_J2p0p30_0p40_0p46_0p50_D8_chi256_kpi12.csv,/gpfs/projects/ehpc670/data/J1J2p_Honeycomb_merge(S=0.5,
0.3,0.4166666666666667,1.3089969389957472,trivial,1,1.0046994215224738,8,256,merge,strict,43282536,10/10 eigensolver gate; frozen environment loaded once,D:\1 - research\1.24 - Honeycomb_J1J2\analysis\tm_spectrum_compare_20260714\tm_spectrum_J2p0p30_0p40_0p46_0p50_D8_chi256_kpi12.csv,/gpfs/projects/ehpc670/data/J1J2p_Honeycomb_merge(S=0.5,
0.3,0.4166666666666667,1.3089969389957472,trivial,2,1.0111385810230467,8,256,merge,strict,43282536,10/10 eigensolver gate; frozen environment loaded once,D:\1 - research\1.24 - Honeycomb_J1J2\analysis\tm_spectrum_compare_20260714\tm_spectrum_J2p0p30_0p40_0p46_0p50_D8_chi256_kpi12.csv,/gpfs/projects/ehpc670/data/J1J2p_Honeycomb_merge(S=0.5,
0.3,0.4166666666666667,1.3089969389957472,trivial,3,1.0354396108219206,8,256,merge,strict,43282536,10/10 eigensolver gate; frozen environment loaded once,D:\1 - research\1.24 - Honeycomb_J1J2\analysis\tm_spectrum_compare_20260714\tm_spectrum_J2p0p30_0p40_0p46_0p50_D8_chi256_kpi12.csv,/gpfs/projects/ehpc670/data/J1J2p_Honeycomb_merge(S=0.5,
0.3,0.4166666666666667,1.3089969389957472,trivial,4,1.2873382750816031,8,256,merge,strict,43282536,10/10 eigensolver gate; frozen environment loaded once,D:\1 - research\1.24 - Honeycomb_J1J2\analysis\tm_spectrum_compare_20260714\tm_spectrum_J2p0p30_0p40_0p46_0p50_D8_chi256_kpi12.csv,/gpfs/projects/ehpc670/data/J1J2p_Honeycomb_merge(S=0.5,
0.3,0.4166666666666667,1.3089969389957472,trivial,5,1.2969934147838673,8,256,merge,strict,43282536,10/10 eigensolver gate; frozen environment loaded once,D:\1 - research\1.24 - Honeycomb_J1J2\analysis\tm_spectrum_compare_20260714\tm_spectrum_J2p0p30_0p40_0p46_0p50_D8_chi256_kpi12.csv,/gpfs/projects/ehpc670/data/J1J2p_Honeycomb_merge(S=0.5,
0.3,0.4166666666666667,1.3089969389957472,trivial,6,1.297378677541519,8,256,merge,strict,43282536,10/10 eigensolver gate; frozen environment loaded once,D:\1 - research\1.24 - Honeycomb_J1J2\analysis\tm_spectrum_compare_20260714\tm_spectrum_J2p0p30_0p40_0p46_0p50_D8_chi256_kpi12.csv,/gpfs/projects/ehpc670/data/J1J2p_Honeycomb_merge(S=0.5,
0.3,0.4166666666666667,1.3089969389957472,trivial,7,1.2995868275862088,8,256,merge,strict,43282536,10/10 eigensolver gate; frozen environment loaded once,D:\1 - research\1.24 - Honeycomb_J1J2\analysis\tm_spectrum_compare_20260714\tm_spectrum_J2p0p30_0p40_0p46_0p50_D8_chi256_kpi12.csv,/gpfs/projects/ehpc670/data/J1J2p_Honeycomb_merge(S=0.5,
0.3,0.4166666666666667,1.3089969389957472,trivial,8,1.3146467620470472,8,256,merge,strict,43282536,10/10 eigensolver gate; frozen environment loaded once,D:\1 - research\1.24 - Honeycomb_J1J2\analysis\tm_spectrum_compare_20260714\tm_spectrum_J2p0p30_0p40_0p46_0p50_D8_chi256_kpi12.csv,/gpfs/projects/ehpc670/data/J1J2p_Honeycomb_merge(S=0.5,
0.3,0.4166666666666667,1.3089969389957472,trivial,9,1.3158029452052251,8,256,merge,strict,43282536,10/10 eigensolver gate; frozen environment loaded once,D:\1 - research\1.24 - Honeycomb_J1J2\analysis\tm_spectrum_compare_20260714\tm_spectrum_J2p0p30_0p40_0p46_0p50_D8_chi256_kpi12.csv,/gpfs/projects/ehpc670/data/J1J2p_Honeycomb_merge(S=0.5,
0.3,0.4166666666666667,1.3089969389957472,trivial,10,1.3166076413063905,8,256,merge,strict,43282536,10/10 eigensolver gate; frozen environment loaded once,D:\1 - research\1.24 - Honeycomb_J1J2\analysis\tm_spectrum_compare_20260714\tm_spectrum_J2p0p30_0p40_0p46_0p50_D8_chi256_kpi12.csv,/gpfs/projects/ehpc670/data/J1J2p_Honeycomb_merge(S=0.5,
0.3,0.5,1.5707963267948966,trivial,1,1.0893349334683722,8,256,merge,preliminary,43230054,old even-twelfth points; Arnoldi converged only 0-1 of 10 requested eigenvalues,D:\1 - research\1.24 - Honeycomb_J1J2\analysis\tm_spectrum_compare_20260714\tm_spectrum_J2p0p30_0p40_0p46_0p50_D8_chi256_kpi12.csv,/gpfs/projects/ehpc670/data/J1J2p_Honeycomb_merge(S=0.5,
0.3,0.5,1.5707963267948966,trivial,2,1.0922263313787621,8,256,merge,preliminary,43230054,old even-twelfth points; Arnoldi converged only 0-1 of 10 requested eigenvalues,D:\1 - research\1.24 - Honeycomb_J1J2\analysis\tm_spectrum_compare_20260714\tm_spectrum_J2p0p30_0p40_0p46_0p50_D8_chi256_kpi12.csv,/gpfs/projects/ehpc670/data/J1J2p_Honeycomb_merge(S=0.5,
0.3,0.5,1.5707963267948966,trivial,3,1.1000981421282705,8,256,merge,preliminary,43230054,old even-twelfth points; Arnoldi converged only 0-1 of 10 requested eigenvalues,D:\1 - research\1.24 - Honeycomb_J1J2\analysis\tm_spectrum_compare_20260714\tm_spectrum_J2p0p30_0p40_0p46_0p50_D8_chi256_kpi12.csv,/gpfs/projects/ehpc670/data/J1J2p_Honeycomb_merge(S=0.5,
0.3,0.5,1.5707963267948966,trivial,4,1.2715990095857905,8,256,merge,preliminary,43230054,old even-twelfth points; Arnoldi converged only 0-1 of 10 requested eigenvalues,D:\1 - research\1.24 - Honeycomb_J1J2\analysis\tm_spectrum_compare_20260714\tm_spectrum_J2p0p30_0p40_0p46_0p50_D8_chi256_kpi12.csv,/gpfs/projects/ehpc670/data/J1J2p_Honeycomb_merge(S=0.5,
0.3,0.5,1.5707963267948966,trivial,5,1.3720536025235124,8,256,merge,preliminary,43230054,old even-twelfth points; Arnoldi converged only 0-1 of 10 requested eigenvalues,D:\1 - research\1.24 - Honeycomb_J1J2\analysis\tm_spectrum_compare_20260714\tm_spectrum_J2p0p30_0p40_0p46_0p50_D8_chi256_kpi12.csv,/gpfs/projects/ehpc670/data/J1J2p_Honeycomb_merge(S=0.5,
0.3,0.5,1.5707963267948966,trivial,6,1.3998541087868586,8,256,merge,preliminary,43230054,old even-twelfth points; Arnoldi converged only 0-1 of 10 requested eigenvalues,D:\1 - research\1.24 - Honeycomb_J1J2\analysis\tm_spectrum_compare_20260714\tm_spectrum_J2p0p30_0p40_0p46_0p50_D8_chi256_kpi12.csv,/gpfs/projects/ehpc670/data/J1J2p_Honeycomb_merge(S=0.5,
0.3,0.5,1.5707963267948966,trivial,7,1.4188388322663263,8,256,merge,preliminary,43230054,old even-twelfth points; Arnoldi converged only 0-1 of 10 requested eigenvalues,D:\1 - research\1.24 - Honeycomb_J1J2\analysis\tm_spectrum_compare_20260714\tm_spectrum_J2p0p30_0p40_0p46_0p50_D8_chi256_kpi12.csv,/gpfs/projects/ehpc670/data/J1J2p_Honeycomb_merge(S=0.5,
0.3,0.5,1.5707963267948966,trivial,8,1.4277201819105785,8,256,merge,preliminary,43230054,old even-twelfth points; Arnoldi converged only 0-1 of 10 requested eigenvalues,D:\1 - research\1.24 - Honeycomb_J1J2\analysis\tm_spectrum_compare_20260714\tm_spectrum_J2p0p30_0p40_0p46_0p50_D8_chi256_kpi12.csv,/gpfs/projects/ehpc670/data/J1J2p_Honeycomb_merge(S=0.5,
0.3,0.5,1.5707963267948966,trivial,9,1.436182730695716,8,256,merge,preliminary,43230054,old even-twelfth points; Arnoldi converged only 0-1 of 10 requested eigenvalues,D:\1 - research\1.24 - Honeycomb_J1J2\analysis\tm_spectrum_compare_20260714\tm_spectrum_J2p0p30_0p40_0p46_0p50_D8_chi256_kpi12.csv,/gpfs/projects/ehpc670/data/J1J2p_Honeycomb_merge(S=0.5,
0.3,0.5,1.5707963267948966,trivial,10,1.474927557697721,8,256,merge,preliminary,43230054,old even-twelfth points; Arnoldi converged only 0-1 of 10 requested eigenvalues,D:\1 - research\1.24 - Honeycomb_J1J2\analysis\tm_spectrum_compare_20260714\tm_spectrum_J2p0p30_0p40_0p46_0p50_D8_chi256_kpi12.csv,/gpfs/projects/ehpc670/data/J1J2p_Honeycomb_merge(S=0.5,
0.3,0.5833333333333334,1.8325957145940461,trivial,1,1.0823908634625854,8,256,merge,strict,43282536,10/10 eigensolver gate; frozen environment loaded once,D:\1 - research\1.24 - Honeycomb_J1J2\analysis\tm_spectrum_compare_20260714\tm_spectrum_J2p0p30_0p40_0p46_0p50_D8_chi256_kpi12.csv,/gpfs/projects/ehpc670/data/J1J2p_Honeycomb_merge(S=0.5,
0.3,0.5833333333333334,1.8325957145940461,trivial,2,1.1240414111836816,8,256,merge,strict,43282536,10/10 eigensolver gate; frozen environment loaded once,D:\1 - research\1.24 - Honeycomb_J1J2\analysis\tm_spectrum_compare_20260714\tm_spectrum_J2p0p30_0p40_0p46_0p50_D8_chi256_kpi12.csv,/gpfs/projects/ehpc670/data/J1J2p_Honeycomb_merge(S=0.5,
0.3,0.5833333333333334,1.8325957145940461,trivial,3,1.1516582685744094,8,256,merge,strict,43282536,10/10 eigensolver gate; frozen environment loaded once,D:\1 - research\1.24 - Honeycomb_J1J2\analysis\tm_spectrum_compare_20260714\tm_spectrum_J2p0p30_0p40_0p46_0p50_D8_chi256_kpi12.csv,/gpfs/projects/ehpc670/data/J1J2p_Honeycomb_merge(S=0.5,
0.3,0.5833333333333334,1.8325957145940461,trivial,4,1.1574661626913998,8,256,merge,strict,43282536,10/10 eigensolver gate; frozen environment loaded once,D:\1 - research\1.24 - Honeycomb_J1J2\analysis\tm_spectrum_compare_20260714\tm_spectrum_J2p0p30_0p40_0p46_0p50_D8_chi256_kpi12.csv,/gpfs/projects/ehpc670/data/J1J2p_Honeycomb_merge(S=0.5,
0.3,0.5833333333333334,1.8325957145940461,trivial,5,1.2461686363057818,8,256,merge,strict,43282536,10/10 eigensolver gate; frozen environment loaded once,D:\1 - research\1.24 - Honeycomb_J1J2\analysis\tm_spectrum_compare_20260714\tm_spectrum_J2p0p30_0p40_0p46_0p50_D8_chi256_kpi12.csv,/gpfs/projects/ehpc670/data/J1J2p_Honeycomb_merge(S=0.5,
0.3,0.5833333333333334,1.8325957145940461,trivial,6,1.254595978085368,8,256,merge,strict,43282536,10/10 eigensolver gate; frozen environment loaded once,D:\1 - research\1.24 - Honeycomb_J1J2\analysis\tm_spectrum_compare_20260714\tm_spectrum_J2p0p30_0p40_0p46_0p50_D8_chi256_kpi12.csv,/gpfs/projects/ehpc670/data/J1J2p_Honeycomb_merge(S=0.5,
0.3,0.5833333333333334,1.8325957145940461,trivial,7,1.417449687080463,8,256,merge,strict,43282536,10/10 eigensolver gate; frozen environment loaded once,D:\1 - research\1.24 - Honeycomb_J1J2\analysis\tm_spectrum_compare_20260714\tm_spectrum_J2p0p30_0p40_0p46_0p50_D8_chi256_kpi12.csv,/gpfs/projects/ehpc670/data/J1J2p_Honeycomb_merge(S=0.5,
0.3,0.5833333333333334,1.8325957145940461,trivial,8,1.4519242905281466,8,256,merge,strict,43282536,10/10 eigensolver gate; frozen environment loaded once,D:\1 - research\1.24 - Honeycomb_J1J2\analysis\tm_spectrum_compare_20260714\tm_spectrum_J2p0p30_0p40_0p46_0p50_D8_chi256_kpi12.csv,/gpfs/projects/ehpc670/data/J1J2p_Honeycomb_merge(S=0.5,
0.3,0.5833333333333334,1.8325957145940461,trivial,9,1.4525882263265846,8,256,merge,strict,43282536,10/10 eigensolver gate; frozen environment loaded once,D:\1 - research\1.24 - Honeycomb_J1J2\analysis\tm_spectrum_compare_20260714\tm_spectrum_J2p0p30_0p40_0p46_0p50_D8_chi256_kpi12.csv,/gpfs/projects/ehpc670/data/J1J2p_Honeycomb_merge(S=0.5,
0.3,0.5833333333333334,1.8325957145940461,trivial,10,1.452749855883686,8,256,merge,strict,43282536,10/10 eigensolver gate; frozen environment loaded once,D:\1 - research\1.24 - Honeycomb_J1J2\analysis\tm_spectrum_compare_20260714\tm_spectrum_J2p0p30_0p40_0p46_0p50_D8_chi256_kpi12.csv,/gpfs/projects/ehpc670/data/J1J2p_Honeycomb_merge(S=0.5,
0.3,0.6666666666666666,2.0943951023931953,trivial,1,0.976860740903261,8,256,merge,preliminary,43230054,old even-twelfth points; Arnoldi converged only 0-1 of 10 requested eigenvalues,D:\1 - research\1.24 - Honeycomb_J1J2\analysis\tm_spectrum_compare_20260714\tm_spectrum_J2p0p30_0p40_0p46_0p50_D8_chi256_kpi12.csv,/gpfs/projects/ehpc670/data/J1J2p_Honeycomb_merge(S=0.5,
0.3,0.6666666666666666,2.0943951023931953,trivial,2,1.1372749410817746,8,256,merge,preliminary,43230054,old even-twelfth points; Arnoldi converged only 0-1 of 10 requested eigenvalues,D:\1 - research\1.24 - Honeycomb_J1J2\analysis\tm_spectrum_compare_20260714\tm_spectrum_J2p0p30_0p40_0p46_0p50_D8_chi256_kpi12.csv,/gpfs/projects/ehpc670/data/J1J2p_Honeycomb_merge(S=0.5,
0.3,0.6666666666666666,2.0943951023931953,trivial,3,1.1446191749001333,8,256,merge,preliminary,43230054,old even-twelfth points; Arnoldi converged only 0-1 of 10 requested eigenvalues,D:\1 - research\1.24 - Honeycomb_J1J2\analysis\tm_spectrum_compare_20260714\tm_spectrum_J2p0p30_0p40_0p46_0p50_D8_chi256_kpi12.csv,/gpfs/projects/ehpc670/data/J1J2p_Honeycomb_merge(S=0.5,
0.3,0.6666666666666666,2.0943951023931953,trivial,4,1.1485814250886655,8,256,merge,preliminary,43230054,old even-twelfth points; Arnoldi converged only 0-1 of 10 requested eigenvalues,D:\1 - research\1.24 - Honeycomb_J1J2\analysis\tm_spectrum_compare_20260714\tm_spectrum_J2p0p30_0p40_0p46_0p50_D8_chi256_kpi12.csv,/gpfs/projects/ehpc670/data/J1J2p_Honeycomb_merge(S=0.5,
0.3,0.6666666666666666,2.0943951023931953,trivial,5,1.1867462893356255,8,256,merge,preliminary,43230054,old even-twelfth points; Arnoldi converged only 0-1 of 10 requested eigenvalues,D:\1 - research\1.24 - Honeycomb_J1J2\analysis\tm_spectrum_compare_20260714\tm_spectrum_J2p0p30_0p40_0p46_0p50_D8_chi256_kpi12.csv,/gpfs/projects/ehpc670/data/J1J2p_Honeycomb_merge(S=0.5,
0.3,0.6666666666666666,2.0943951023931953,trivial,6,1.1909071980188057,8,256,merge,preliminary,43230054,old even-twelfth points; Arnoldi converged only 0-1 of 10 requested eigenvalues,D:\1 - research\1.24 - Honeycomb_J1J2\analysis\tm_spectrum_compare_20260714\tm_spectrum_J2p0p30_0p40_0p46_0p50_D8_chi256_kpi12.csv,/gpfs/projects/ehpc670/data/J1J2p_Honeycomb_merge(S=0.5,
0.3,0.6666666666666666,2.0943951023931953,trivial,7,1.4118307867621236,8,256,merge,preliminary,43230054,old even-twelfth points; Arnoldi converged only 0-1 of 10 requested eigenvalues,D:\1 - research\1.24 - Honeycomb_J1J2\analysis\tm_spectrum_compare_20260714\tm_spectrum_J2p0p30_0p40_0p46_0p50_D8_chi256_kpi12.csv,/gpfs/projects/ehpc670/data/J1J2p_Honeycomb_merge(S=0.5,
0.3,0.6666666666666666,2.0943951023931953,trivial,8,1.4390742042201556,8,256,merge,preliminary,43230054,old even-twelfth points; Arnoldi converged only 0-1 of 10 requested eigenvalues,D:\1 - research\1.24 - Honeycomb_J1J2\analysis\tm_spectrum_compare_20260714\tm_spectrum_J2p0p30_0p40_0p46_0p50_D8_chi256_kpi12.csv,/gpfs/projects/ehpc670/data/J1J2p_Honeycomb_merge(S=0.5,
0.3,0.6666666666666666,2.0943951023931953,trivial,9,1.43965187936928,8,256,merge,preliminary,43230054,old even-twelfth points; Arnoldi converged only 0-1 of 10 requested eigenvalues,D:\1 - research\1.24 - Honeycomb_J1J2\analysis\tm_spectrum_compare_20260714\tm_spectrum_J2p0p30_0p40_0p46_0p50_D8_chi256_kpi12.csv,/gpfs/projects/ehpc670/data/J1J2p_Honeycomb_merge(S=0.5,
0.3,0.6666666666666666,2.0943951023931953,trivial,10,1.4902325974687625,8,256,merge,preliminary,43230054,old even-twelfth points; Arnoldi converged only 0-1 of 10 requested eigenvalues,D:\1 - research\1.24 - Honeycomb_J1J2\analysis\tm_spectrum_compare_20260714\tm_spectrum_J2p0p30_0p40_0p46_0p50_D8_chi256_kpi12.csv,/gpfs/projects/ehpc670/data/J1J2p_Honeycomb_merge(S=0.5,
0.3,0.75,2.356194490192345,trivial,1,0.9442837948374468,8,256,merge,strict,43282536,10/10 eigensolver gate; frozen environment loaded once,D:\1 - research\1.24 - Honeycomb_J1J2\analysis\tm_spectrum_compare_20260714\tm_spectrum_J2p0p30_0p40_0p46_0p50_D8_chi256_kpi12.csv,/gpfs/projects/ehpc670/data/J1J2p_Honeycomb_merge(S=0.5,
0.3,0.75,2.356194490192345,trivial,2,1.1018340926933872,8,256,merge,strict,43282536,10/10 eigensolver gate; frozen environment loaded once,D:\1 - research\1.24 - Honeycomb_J1J2\analysis\tm_spectrum_compare_20260714\tm_spectrum_J2p0p30_0p40_0p46_0p50_D8_chi256_kpi12.csv,/gpfs/projects/ehpc670/data/J1J2p_Honeycomb_merge(S=0.5,
0.3,0.75,2.356194490192345,trivial,3,1.1028314475603322,8,256,merge,strict,43282536,10/10 eigensolver gate; frozen environment loaded once,D:\1 - research\1.24 - Honeycomb_J1J2\analysis\tm_spectrum_compare_20260714\tm_spectrum_J2p0p30_0p40_0p46_0p50_D8_chi256_kpi12.csv,/gpfs/projects/ehpc670/data/J1J2p_Honeycomb_merge(S=0.5,
0.3,0.75,2.356194490192345,trivial,4,1.1322542303070746,8,256,merge,strict,43282536,10/10 eigensolver gate; frozen environment loaded once,D:\1 - research\1.24 - Honeycomb_J1J2\analysis\tm_spectrum_compare_20260714\tm_spectrum_J2p0p30_0p40_0p46_0p50_D8_chi256_kpi12.csv,/gpfs/projects/ehpc670/data/J1J2p_Honeycomb_merge(S=0.5,
0.3,0.75,2.356194490192345,trivial,5,1.1991377116146251,8,256,merge,strict,43282536,10/10 eigensolver gate; frozen environment loaded once,D:\1 - research\1.24 - Honeycomb_J1J2\analysis\tm_spectrum_compare_20260714\tm_spectrum_J2p0p30_0p40_0p46_0p50_D8_chi256_kpi12.csv,/gpfs/projects/ehpc670/data/J1J2p_Honeycomb_merge(S=0.5,
0.3,0.75,2.356194490192345,trivial,6,1.203080426781491,8,256,merge,strict,43282536,10/10 eigensolver gate; frozen environment loaded once,D:\1 - research\1.24 - Honeycomb_J1J2\analysis\tm_spectrum_compare_20260714\tm_spectrum_J2p0p30_0p40_0p46_0p50_D8_chi256_kpi12.csv,/gpfs/projects/ehpc670/data/J1J2p_Honeycomb_merge(S=0.5,
0.3,0.75,2.356194490192345,trivial,7,1.370903394754901,8,256,merge,strict,43282536,10/10 eigensolver gate; frozen environment loaded once,D:\1 - research\1.24 - Honeycomb_J1J2\analysis\tm_spectrum_compare_20260714\tm_spectrum_J2p0p30_0p40_0p46_0p50_D8_chi256_kpi12.csv,/gpfs/projects/ehpc670/data/J1J2p_Honeycomb_merge(S=0.5,
0.3,0.75,2.356194490192345,trivial,8,1.377671170903335,8,256,merge,strict,43282536,10/10 eigensolver gate; frozen environment loaded once,D:\1 - research\1.24 - Honeycomb_J1J2\analysis\tm_spectrum_compare_20260714\tm_spectrum_J2p0p30_0p40_0p46_0p50_D8_chi256_kpi12.csv,/gpfs/projects/ehpc670/data/J1J2p_Honeycomb_merge(S=0.5,
0.3,0.75,2.356194490192345,trivial,9,1.3839127859291311,8,256,merge,strict,43282536,10/10 eigensolver gate; frozen environment loaded once,D:\1 - research\1.24 - Honeycomb_J1J2\analysis\tm_spectrum_compare_20260714\tm_spectrum_J2p0p30_0p40_0p46_0p50_D8_chi256_kpi12.csv,/gpfs/projects/ehpc670/data/J1J2p_Honeycomb_merge(S=0.5,
0.3,0.75,2.356194490192345,trivial,10,1.438000359389677,8,256,merge,strict,43282536,10/10 eigensolver gate; frozen environment loaded once,D:\1 - research\1.24 - Honeycomb_J1J2\analysis\tm_spectrum_compare_20260714\tm_spectrum_J2p0p30_0p40_0p46_0p50_D8_chi256_kpi12.csv,/gpfs/projects/ehpc670/data/J1J2p_Honeycomb_merge(S=0.5,
0.3,0.8333333333333334,2.6179938779914944,trivial,1,0.9574911836616566,8,256,merge,preliminary,43230054,old even-twelfth points; Arnoldi converged only 0-1 of 10 requested eigenvalues,D:\1 - research\1.24 - Honeycomb_J1J2\analysis\tm_spectrum_compare_20260714\tm_spectrum_J2p0p30_0p40_0p46_0p50_D8_chi256_kpi12.csv,/gpfs/projects/ehpc670/data/J1J2p_Honeycomb_merge(S=0.5,
0.3,0.8333333333333334,2.6179938779914944,trivial,2,1.0966627551665087,8,256,merge,preliminary,43230054,old even-twelfth points; Arnoldi converged only 0-1 of 10 requested eigenvalues,D:\1 - research\1.24 - Honeycomb_J1J2\analysis\tm_spectrum_compare_20260714\tm_spectrum_J2p0p30_0p40_0p46_0p50_D8_chi256_kpi12.csv,/gpfs/projects/ehpc670/data/J1J2p_Honeycomb_merge(S=0.5,
0.3,0.8333333333333334,2.6179938779914944,trivial,3,1.1020117179428122,8,256,merge,preliminary,43230054,old even-twelfth points; Arnoldi converged only 0-1 of 10 requested eigenvalues,D:\1 - research\1.24 - Honeycomb_J1J2\analysis\tm_spectrum_compare_20260714\tm_spectrum_J2p0p30_0p40_0p46_0p50_D8_chi256_kpi12.csv,/gpfs/projects/ehpc670/data/J1J2p_Honeycomb_merge(S=0.5,
0.3,0.8333333333333334,2.6179938779914944,trivial,4,1.1121773157258483,8,256,merge,preliminary,43230054,old even-twelfth points; Arnoldi converged only 0-1 of 10 requested eigenvalues,D:\1 - research\1.24 - Honeycomb_J1J2\analysis\tm_spectrum_compare_20260714\tm_spectrum_J2p0p30_0p40_0p46_0p50_D8_chi256_kpi12.csv,/gpfs/projects/ehpc670/data/J1J2p_Honeycomb_merge(S=0.5,
0.3,0.8333333333333334,2.6179938779914944,trivial,5,1.1924834072180812,8,256,merge,preliminary,43230054,old even-twelfth points; Arnoldi converged only 0-1 of 10 requested eigenvalues,D:\1 - research\1.24 - Honeycomb_J1J2\analysis\tm_spectrum_compare_20260714\tm_spectrum_J2p0p30_0p40_0p46_0p50_D8_chi256_kpi12.csv,/gpfs/projects/ehpc670/data/J1J2p_Honeycomb_merge(S=0.5,
0.3,0.8333333333333334,2.6179938779914944,trivial,6,1.1969132338980069,8,256,merge,preliminary,43230054,old even-twelfth points; Arnoldi converged only 0-1 of 10 requested eigenvalues,D:\1 - research\1.24 - Honeycomb_J1J2\analysis\tm_spectrum_compare_20260714\tm_spectrum_J2p0p30_0p40_0p46_0p50_D8_chi256_kpi12.csv,/gpfs/projects/ehpc670/data/J1J2p_Honeycomb_merge(S=0.5,
0.3,0.8333333333333334,2.6179938779914944,trivial,7,1.3712605998046494,8,256,merge,preliminary,43230054,old even-twelfth points; Arnoldi converged only 0-1 of 10 requested eigenvalues,D:\1 - research\1.24 - Honeycomb_J1J2\analysis\tm_spectrum_compare_20260714\tm_spectrum_J2p0p30_0p40_0p46_0p50_D8_chi256_kpi12.csv,/gpfs/projects/ehpc670/data/J1J2p_Honeycomb_merge(S=0.5,
0.3,0.8333333333333334,2.6179938779914944,trivial,8,1.3815857240085334,8,256,merge,preliminary,43230054,old even-twelfth points; Arnoldi converged only 0-1 of 10 requested eigenvalues,D:\1 - research\1.24 - Honeycomb_J1J2\analysis\tm_spectrum_compare_20260714\tm_spectrum_J2p0p30_0p40_0p46_0p50_D8_chi256_kpi12.csv,/gpfs/projects/ehpc670/data/J1J2p_Honeycomb_merge(S=0.5,
0.3,0.8333333333333334,2.6179938779914944,trivial,9,1.4337710723290553,8,256,merge,preliminary,43230054,old even-twelfth points; Arnoldi converged only 0-1 of 10 requested eigenvalues,D:\1 - research\1.24 - Honeycomb_J1J2\analysis\tm_spectrum_compare_20260714\tm_spectrum_J2p0p30_0p40_0p46_0p50_D8_chi256_kpi12.csv,/gpfs/projects/ehpc670/data/J1J2p_Honeycomb_merge(S=0.5,
0.3,0.8333333333333334,2.6179938779914944,trivial,10,1.4395064578789967,8,256,merge,preliminary,43230054,old even-twelfth points; Arnoldi converged only 0-1 of 10 requested eigenvalues,D:\1 - research\1.24 - Honeycomb_J1J2\analysis\tm_spectrum_compare_20260714\tm_spectrum_J2p0p30_0p40_0p46_0p50_D8_chi256_kpi12.csv,/gpfs/projects/ehpc670/data/J1J2p_Honeycomb_merge(S=0.5,
0.3,0.9166666666666666,2.8797932657906435,trivial,1,0.9931110912487702,8,256,merge,strict,43282536,10/10 eigensolver gate; frozen environment loaded once,D:\1 - research\1.24 - Honeycomb_J1J2\analysis\tm_spectrum_compare_20260714\tm_spectrum_J2p0p30_0p40_0p46_0p50_D8_chi256_kpi12.csv,/gpfs/projects/ehpc670/data/J1J2p_Honeycomb_merge(S=0.5,
0.3,0.9166666666666666,2.8797932657906435,trivial,2,1.0803703956749289,8,256,merge,strict,43282536,10/10 eigensolver gate; frozen environment loaded once,D:\1 - research\1.24 - Honeycomb_J1J2\analysis\tm_spectrum_compare_20260714\tm_spectrum_J2p0p30_0p40_0p46_0p50_D8_chi256_kpi12.csv,/gpfs/projects/ehpc670/data/J1J2p_Honeycomb_merge(S=0.5,
0.3,0.9166666666666666,2.8797932657906435,trivial,3,1.1151606116807355,8,256,merge,strict,43282536,10/10 eigensolver gate; frozen environment loaded once,D:\1 - research\1.24 - Honeycomb_J1J2\analysis\tm_spectrum_compare_20260714\tm_spectrum_J2p0p30_0p40_0p46_0p50_D8_chi256_kpi12.csv,/gpfs/projects/ehpc670/data/J1J2p_Honeycomb_merge(S=0.5,
0.3,0.9166666666666666,2.8797932657906435,trivial,4,1.1227510956616507,8,256,merge,strict,43282536,10/10 eigensolver gate; frozen environment loaded once,D:\1 - research\1.24 - Honeycomb_J1J2\analysis\tm_spectrum_compare_20260714\tm_spectrum_J2p0p30_0p40_0p46_0p50_D8_chi256_kpi12.csv,/gpfs/projects/ehpc670/data/J1J2p_Honeycomb_merge(S=0.5,
0.3,0.9166666666666666,2.8797932657906435,trivial,5,1.1715824064030775,8,256,merge,strict,43282536,10/10 eigensolver gate; frozen environment loaded once,D:\1 - research\1.24 - Honeycomb_J1J2\analysis\tm_spectrum_compare_20260714\tm_spectrum_J2p0p30_0p40_0p46_0p50_D8_chi256_kpi12.csv,/gpfs/projects/ehpc670/data/J1J2p_Honeycomb_merge(S=0.5,
0.3,0.9166666666666666,2.8797932657906435,trivial,6,1.1775165895805835,8,256,merge,strict,43282536,10/10 eigensolver gate; frozen environment loaded once,D:\1 - research\1.24 - Honeycomb_J1J2\analysis\tm_spectrum_compare_20260714\tm_spectrum_J2p0p30_0p40_0p46_0p50_D8_chi256_kpi12.csv,/gpfs/projects/ehpc670/data/J1J2p_Honeycomb_merge(S=0.5,
0.3,0.9166666666666666,2.8797932657906435,trivial,7,1.3738048344068448,8,256,merge,strict,43282536,10/10 eigensolver gate; frozen environment loaded once,D:\1 - research\1.24 - Honeycomb_J1J2\analysis\tm_spectrum_compare_20260714\tm_spectrum_J2p0p30_0p40_0p46_0p50_D8_chi256_kpi12.csv,/gpfs/projects/ehpc670/data/J1J2p_Honeycomb_merge(S=0.5,
0.3,0.9166666666666666,2.8797932657906435,trivial,8,1.3825358584440453,8,256,merge,strict,43282536,10/10 eigensolver gate; frozen environment loaded once,D:\1 - research\1.24 - Honeycomb_J1J2\analysis\tm_spectrum_compare_20260714\tm_spectrum_J2p0p30_0p40_0p46_0p50_D8_chi256_kpi12.csv,/gpfs/projects/ehpc670/data/J1J2p_Honeycomb_merge(S=0.5,
0.3,0.9166666666666666,2.8797932657906435,trivial,9,1.3870160635309126,8,256,merge,strict,43282536,10/10 eigensolver gate; frozen environment loaded once,D:\1 - research\1.24 - Honeycomb_J1J2\analysis\tm_spectrum_compare_20260714\tm_spectrum_J2p0p30_0p40_0p46_0p50_D8_chi256_kpi12.csv,/gpfs/projects/ehpc670/data/J1J2p_Honeycomb_merge(S=0.5,
0.3,0.9166666666666666,2.8797932657906435,trivial,10,1.4143584202852866,8,256,merge,strict,43282536,10/10 eigensolver gate; frozen environment loaded once,D:\1 - research\1.24 - Honeycomb_J1J2\analysis\tm_spectrum_compare_20260714\tm_spectrum_J2p0p30_0p40_0p46_0p50_D8_chi256_kpi12.csv,/gpfs/projects/ehpc670/data/J1J2p_Honeycomb_merge(S=0.5,
0.3,1.0,3.141592653589793,trivial,1,1.0386107016873387,8,256,merge,preliminary,43230054,old even-twelfth points; Arnoldi converged only 0-1 of 10 requested eigenvalues,D:\1 - research\1.24 - Honeycomb_J1J2\analysis\tm_spectrum_compare_20260714\tm_spectrum_J2p0p30_0p40_0p46_0p50_D8_chi256_kpi12.csv,/gpfs/projects/ehpc670/data/J1J2p_Honeycomb_merge(S=0.5,
0.3,1.0,3.141592653589793,trivial,2,1.0386107016873387,8,256,merge,preliminary,43230054,old even-twelfth points; Arnoldi converged only 0-1 of 10 requested eigenvalues,D:\1 - research\1.24 - Honeycomb_J1J2\analysis\tm_spectrum_compare_20260714\tm_spectrum_J2p0p30_0p40_0p46_0p50_D8_chi256_kpi12.csv,/gpfs/projects/ehpc670/data/J1J2p_Honeycomb_merge(S=0.5,
0.3,1.0,3.141592653589793,trivial,3,1.1432027622438743,8,256,merge,preliminary,43230054,old even-twelfth points; Arnoldi converged only 0-1 of 10 requested eigenvalues,D:\1 - research\1.24 - Honeycomb_J1J2\analysis\tm_spectrum_compare_20260714\tm_spectrum_J2p0p30_0p40_0p46_0p50_D8_chi256_kpi12.csv,/gpfs/projects/ehpc670/data/J1J2p_Honeycomb_merge(S=0.5,
0.3,1.0,3.141592653589793,trivial,4,1.1432027622438743,8,256,merge,preliminary,43230054,old even-twelfth points; Arnoldi converged only 0-1 of 10 requested eigenvalues,D:\1 - research\1.24 - Honeycomb_J1J2\analysis\tm_spectrum_compare_20260714\tm_spectrum_J2p0p30_0p40_0p46_0p50_D8_chi256_kpi12.csv,/gpfs/projects/ehpc670/data/J1J2p_Honeycomb_merge(S=0.5,
0.3,1.0,3.141592653589793,trivial,5,1.1508558143593466,8,256,merge,preliminary,43230054,old even-twelfth points; Arnoldi converged only 0-1 of 10 requested eigenvalues,D:\1 - research\1.24 - Honeycomb_J1J2\analysis\tm_spectrum_compare_20260714\tm_spectrum_J2p0p30_0p40_0p46_0p50_D8_chi256_kpi12.csv,/gpfs/projects/ehpc670/data/J1J2p_Honeycomb_merge(S=0.5,
0.3,1.0,3.141592653589793,trivial,6,1.1508558143593466,8,256,merge,preliminary,43230054,old even-twelfth points; Arnoldi converged only 0-1 of 10 requested eigenvalues,D:\1 - research\1.24 - Honeycomb_J1J2\analysis\tm_spectrum_compare_20260714\tm_spectrum_J2p0p30_0p40_0p46_0p50_D8_chi256_kpi12.csv,/gpfs/projects/ehpc670/data/J1J2p_Honeycomb_merge(S=0.5,
0.3,1.0,3.141592653589793,trivial,7,1.395487779299811,8,256,merge,preliminary,43230054,old even-twelfth points; Arnoldi converged only 0-1 of 10 requested eigenvalues,D:\1 - research\1.24 - Honeycomb_J1J2\analysis\tm_spectrum_compare_20260714\tm_spectrum_J2p0p30_0p40_0p46_0p50_D8_chi256_kpi12.csv,/gpfs/projects/ehpc670/data/J1J2p_Honeycomb_merge(S=0.5,
0.3,1.0,3.141592653589793,trivial,8,1.395487779299811,8,256,merge,preliminary,43230054,old even-twelfth points; Arnoldi converged only 0-1 of 10 requested eigenvalues,D:\1 - research\1.24 - Honeycomb_J1J2\analysis\tm_spectrum_compare_20260714\tm_spectrum_J2p0p30_0p40_0p46_0p50_D8_chi256_kpi12.csv,/gpfs/projects/ehpc670/data/J1J2p_Honeycomb_merge(S=0.5,
0.3,1.0,3.141592653589793,trivial,9,1.4168811368910743,8,256,merge,preliminary,43230054,old even-twelfth points; Arnoldi converged only 0-1 of 10 requested eigenvalues,D:\1 - research\1.24 - Honeycomb_J1J2\analysis\tm_spectrum_compare_20260714\tm_spectrum_J2p0p30_0p40_0p46_0p50_D8_chi256_kpi12.csv,/gpfs/projects/ehpc670/data/J1J2p_Honeycomb_merge(S=0.5,
0.3,1.0,3.141592653589793,trivial,10,1.4168811368910743,8,256,merge,preliminary,43230054,old even-twelfth points; Arnoldi converged only 0-1 of 10 requested eigenvalues,D:\1 - research\1.24 - Honeycomb_J1J2\analysis\tm_spectrum_compare_20260714\tm_spectrum_J2p0p30_0p40_0p46_0p50_D8_chi256_kpi12.csv,/gpfs/projects/ehpc670/data/J1J2p_Honeycomb_merge(S=0.5,
0.4,0.0,0.0,trivial,1,0.3947115801299222,8,256,merge,strict,43304744,All 13 momenta passed the 10/10 eigensolver gate with one frozen converged environment.,D:\1 - research\1.24 - Honeycomb_J1J2\hpc\rendered\2026-07-14_2105_bsc_J1J2p04_merge_D8chi256_TM_k0_pi12_pi_shared_env_tol1e6\pulled_remote\D8\TM_spectrum\trivial\spectrum_k0_pi12_pi.csv,/gpfs/projects/ehpc670/data/J1J2p_Honeycomb_merge(S=0.5,
0.4,0.0,0.0,trivial,2,0.40671397857168656,8,256,merge,strict,43304744,All 13 momenta passed the 10/10 eigensolver gate with one frozen converged environment.,D:\1 - research\1.24 - Honeycomb_J1J2\hpc\rendered\2026-07-14_2105_bsc_J1J2p04_merge_D8chi256_TM_k0_pi12_pi_shared_env_tol1e6\pulled_remote\D8\TM_spectrum\trivial\spectrum_k0_pi12_pi.csv,/gpfs/projects/ehpc670/data/J1J2p_Honeycomb_merge(S=0.5,
0.4,0.0,0.0,trivial,3,0.7388333772012297,8,256,merge,strict,43304744,All 13 momenta passed the 10/10 eigensolver gate with one frozen converged environment.,D:\1 - research\1.24 - Honeycomb_J1J2\hpc\rendered\2026-07-14_2105_bsc_J1J2p04_merge_D8chi256_TM_k0_pi12_pi_shared_env_tol1e6\pulled_remote\D8\TM_spectrum\trivial\spectrum_k0_pi12_pi.csv,/gpfs/projects/ehpc670/data/J1J2p_Honeycomb_merge(S=0.5,
0.4,0.0,0.0,trivial,4,0.7388333772012297,8,256,merge,strict,43304744,All 13 momenta passed the 10/10 eigensolver gate with one frozen converged environment.,D:\1 - research\1.24 - Honeycomb_J1J2\hpc\rendered\2026-07-14_2105_bsc_J1J2p04_merge_D8chi256_TM_k0_pi12_pi_shared_env_tol1e6\pulled_remote\D8\TM_spectrum\trivial\spectrum_k0_pi12_pi.csv,/gpfs/projects/ehpc670/data/J1J2p_Honeycomb_merge(S=0.5,
0.4,0.0,0.0,trivial,5,0.8328168123294944,8,256,merge,strict,43304744,All 13 momenta passed the 10/10 eigensolver gate with one frozen converged environment.,D:\1 - research\1.24 - Honeycomb_J1J2\hpc\rendered\2026-07-14_2105_bsc_J1J2p04_merge_D8chi256_TM_k0_pi12_pi_shared_env_tol1e6\pulled_remote\D8\TM_spectrum\trivial\spectrum_k0_pi12_pi.csv,/gpfs/projects/ehpc670/data/J1J2p_Honeycomb_merge(S=0.5,
0.4,0.0,0.0,trivial,6,0.8908066615185705,8,256,merge,strict,43304744,All 13 momenta passed the 10/10 eigensolver gate with one frozen converged environment.,D:\1 - research\1.24 - Honeycomb_J1J2\hpc\rendered\2026-07-14_2105_bsc_J1J2p04_merge_D8chi256_TM_k0_pi12_pi_shared_env_tol1e6\pulled_remote\D8\TM_spectrum\trivial\spectrum_k0_pi12_pi.csv,/gpfs/projects/ehpc670/data/J1J2p_Honeycomb_merge(S=0.5,
0.4,0.0,0.0,trivial,7,0.8912366533180853,8,256,merge,strict,43304744,All 13 momenta passed the 10/10 eigensolver gate with one frozen converged environment.,D:\1 - research\1.24 - Honeycomb_J1J2\hpc\rendered\2026-07-14_2105_bsc_J1J2p04_merge_D8chi256_TM_k0_pi12_pi_shared_env_tol1e6\pulled_remote\D8\TM_spectrum\trivial\spectrum_k0_pi12_pi.csv,/gpfs/projects/ehpc670/data/J1J2p_Honeycomb_merge(S=0.5,
0.4,0.0,0.0,trivial,8,0.935226855972856,8,256,merge,strict,43304744,All 13 momenta passed the 10/10 eigensolver gate with one frozen converged environment.,D:\1 - research\1.24 - Honeycomb_J1J2\hpc\rendered\2026-07-14_2105_bsc_J1J2p04_merge_D8chi256_TM_k0_pi12_pi_shared_env_tol1e6\pulled_remote\D8\TM_spectrum\trivial\spectrum_k0_pi12_pi.csv,/gpfs/projects/ehpc670/data/J1J2p_Honeycomb_merge(S=0.5,
0.4,0.0,0.0,trivial,9,0.9360802117790675,8,256,merge,strict,43304744,All 13 momenta passed the 10/10 eigensolver gate with one frozen converged environment.,D:\1 - research\1.24 - Honeycomb_J1J2\hpc\rendered\2026-07-14_2105_bsc_J1J2p04_merge_D8chi256_TM_k0_pi12_pi_shared_env_tol1e6\pulled_remote\D8\TM_spectrum\trivial\spectrum_k0_pi12_pi.csv,/gpfs/projects/ehpc670/data/J1J2p_Honeycomb_merge(S=0.5,
0.4,0.0,0.0,trivial,10,0.9675000593685259,8,256,merge,strict,43304744,All 13 momenta passed the 10/10 eigensolver gate with one frozen converged environment.,D:\1 - research\1.24 - Honeycomb_J1J2\hpc\rendered\2026-07-14_2105_bsc_J1J2p04_merge_D8chi256_TM_k0_pi12_pi_shared_env_tol1e6\pulled_remote\D8\TM_spectrum\trivial\spectrum_k0_pi12_pi.csv,/gpfs/projects/ehpc670/data/J1J2p_Honeycomb_merge(S=0.5,
0.4,0.08333333333333333,0.2617993877991494,trivial,1,0.44848015360862303,8,256,merge,strict,43304744,All 13 momenta passed the 10/10 eigensolver gate with one frozen converged environment.,D:\1 - research\1.24 - Honeycomb_J1J2\hpc\rendered\2026-07-14_2105_bsc_J1J2p04_merge_D8chi256_TM_k0_pi12_pi_shared_env_tol1e6\pulled_remote\D8\TM_spectrum\trivial\spectrum_k0_pi12_pi.csv,/gpfs/projects/ehpc670/data/J1J2p_Honeycomb_merge(S=0.5,
0.4,0.08333333333333333,0.2617993877991494,trivial,2,0.4596974402871187,8,256,merge,strict,43304744,All 13 momenta passed the 10/10 eigensolver gate with one frozen converged environment.,D:\1 - research\1.24 - Honeycomb_J1J2\hpc\rendered\2026-07-14_2105_bsc_J1J2p04_merge_D8chi256_TM_k0_pi12_pi_shared_env_tol1e6\pulled_remote\D8\TM_spectrum\trivial\spectrum_k0_pi12_pi.csv,/gpfs/projects/ehpc670/data/J1J2p_Honeycomb_merge(S=0.5,
0.4,0.08333333333333333,0.2617993877991494,trivial,3,0.7456804972720136,8,256,merge,strict,43304744,All 13 momenta passed the 10/10 eigensolver gate with one frozen converged environment.,D:\1 - research\1.24 - Honeycomb_J1J2\hpc\rendered\2026-07-14_2105_bsc_J1J2p04_merge_D8chi256_TM_k0_pi12_pi_shared_env_tol1e6\pulled_remote\D8\TM_spectrum\trivial\spectrum_k0_pi12_pi.csv,/gpfs/projects/ehpc670/data/J1J2p_Honeycomb_merge(S=0.5,
0.4,0.08333333333333333,0.2617993877991494,trivial,4,0.8010062979107796,8,256,merge,strict,43304744,All 13 momenta passed the 10/10 eigensolver gate with one frozen converged environment.,D:\1 - research\1.24 - Honeycomb_J1J2\hpc\rendered\2026-07-14_2105_bsc_J1J2p04_merge_D8chi256_TM_k0_pi12_pi_shared_env_tol1e6\pulled_remote\D8\TM_spectrum\trivial\spectrum_k0_pi12_pi.csv,/gpfs/projects/ehpc670/data/J1J2p_Honeycomb_merge(S=0.5,
0.4,0.08333333333333333,0.2617993877991494,trivial,5,0.8634606266485569,8,256,merge,strict,43304744,All 13 momenta passed the 10/10 eigensolver gate with one frozen converged environment.,D:\1 - research\1.24 - Honeycomb_J1J2\hpc\rendered\2026-07-14_2105_bsc_J1J2p04_merge_D8chi256_TM_k0_pi12_pi_shared_env_tol1e6\pulled_remote\D8\TM_spectrum\trivial\spectrum_k0_pi12_pi.csv,/gpfs/projects/ehpc670/data/J1J2p_Honeycomb_merge(S=0.5,
0.4,0.08333333333333333,0.2617993877991494,trivial,6,0.9187329955076058,8,256,merge,strict,43304744,All 13 momenta passed the 10/10 eigensolver gate with one frozen converged environment.,D:\1 - research\1.24 - Honeycomb_J1J2\hpc\rendered\2026-07-14_2105_bsc_J1J2p04_merge_D8chi256_TM_k0_pi12_pi_shared_env_tol1e6\pulled_remote\D8\TM_spectrum\trivial\spectrum_k0_pi12_pi.csv,/gpfs/projects/ehpc670/data/J1J2p_Honeycomb_merge(S=0.5,
0.4,0.08333333333333333,0.2617993877991494,trivial,7,0.923856238559663,8,256,merge,strict,43304744,All 13 momenta passed the 10/10 eigensolver gate with one frozen converged environment.,D:\1 - research\1.24 - Honeycomb_J1J2\hpc\rendered\2026-07-14_2105_bsc_J1J2p04_merge_D8chi256_TM_k0_pi12_pi_shared_env_tol1e6\pulled_remote\D8\TM_spectrum\trivial\spectrum_k0_pi12_pi.csv,/gpfs/projects/ehpc670/data/J1J2p_Honeycomb_merge(S=0.5,
0.4,0.08333333333333333,0.2617993877991494,trivial,8,0.9646552081654839,8,256,merge,strict,43304744,All 13 momenta passed the 10/10 eigensolver gate with one frozen converged environment.,D:\1 - research\1.24 - Honeycomb_J1J2\hpc\rendered\2026-07-14_2105_bsc_J1J2p04_merge_D8chi256_TM_k0_pi12_pi_shared_env_tol1e6\pulled_remote\D8\TM_spectrum\trivial\spectrum_k0_pi12_pi.csv,/gpfs/projects/ehpc670/data/J1J2p_Honeycomb_merge(S=0.5,
0.4,0.08333333333333333,0.2617993877991494,trivial,9,0.9672200033571233,8,256,merge,strict,43304744,All 13 momenta passed the 10/10 eigensolver gate with one frozen converged environment.,D:\1 - research\1.24 - Honeycomb_J1J2\hpc\rendered\2026-07-14_2105_bsc_J1J2p04_merge_D8chi256_TM_k0_pi12_pi_shared_env_tol1e6\pulled_remote\D8\TM_spectrum\trivial\spectrum_k0_pi12_pi.csv,/gpfs/projects/ehpc670/data/J1J2p_Honeycomb_merge(S=0.5,
0.4,0.08333333333333333,0.2617993877991494,trivial,10,0.9916343035370296,8,256,merge,strict,43304744,All 13 momenta passed the 10/10 eigensolver gate with one frozen converged environment.,D:\1 - research\1.24 - Honeycomb_J1J2\hpc\rendered\2026-07-14_2105_bsc_J1J2p04_merge_D8chi256_TM_k0_pi12_pi_shared_env_tol1e6\pulled_remote\D8\TM_spectrum\trivial\spectrum_k0_pi12_pi.csv,/gpfs/projects/ehpc670/data/J1J2p_Honeycomb_merge(S=0.5,
0.4,0.16666666666666666,0.5235987755982988,trivial,1,0.5989521666888958,8,256,merge,strict,43304744,All 13 momenta passed the 10/10 eigensolver gate with one frozen converged environment.,D:\1 - research\1.24 - Honeycomb_J1J2\hpc\rendered\2026-07-14_2105_bsc_J1J2p04_merge_D8chi256_TM_k0_pi12_pi_shared_env_tol1e6\pulled_remote\D8\TM_spectrum\trivial\spectrum_k0_pi12_pi.csv,/gpfs/projects/ehpc670/data/J1J2p_Honeycomb_merge(S=0.5,
0.4,0.16666666666666666,0.5235987755982988,trivial,2,0.6072413425655967,8,256,merge,strict,43304744,All 13 momenta passed the 10/10 eigensolver gate with one frozen converged environment.,D:\1 - research\1.24 - Honeycomb_J1J2\hpc\rendered\2026-07-14_2105_bsc_J1J2p04_merge_D8chi256_TM_k0_pi12_pi_shared_env_tol1e6\pulled_remote\D8\TM_spectrum\trivial\spectrum_k0_pi12_pi.csv,/gpfs/projects/ehpc670/data/J1J2p_Honeycomb_merge(S=0.5,
0.4,0.16666666666666666,0.5235987755982988,trivial,3,0.7626744447500001,8,256,merge,strict,43304744,All 13 momenta passed the 10/10 eigensolver gate with one frozen converged environment.,D:\1 - research\1.24 - Honeycomb_J1J2\hpc\rendered\2026-07-14_2105_bsc_J1J2p04_merge_D8chi256_TM_k0_pi12_pi_shared_env_tol1e6\pulled_remote\D8\TM_spectrum\trivial\spectrum_k0_pi12_pi.csv,/gpfs/projects/ehpc670/data/J1J2p_Honeycomb_merge(S=0.5,
0.4,0.16666666666666666,0.5235987755982988,trivial,4,0.9503367604887953,8,256,merge,strict,43304744,All 13 momenta passed the 10/10 eigensolver gate with one frozen converged environment.,D:\1 - research\1.24 - Honeycomb_J1J2\hpc\rendered\2026-07-14_2105_bsc_J1J2p04_merge_D8chi256_TM_k0_pi12_pi_shared_env_tol1e6\pulled_remote\D8\TM_spectrum\trivial\spectrum_k0_pi12_pi.csv,/gpfs/projects/ehpc670/data/J1J2p_Honeycomb_merge(S=0.5,
0.4,0.16666666666666666,0.5235987755982988,trivial,5,0.963912936895545,8,256,merge,strict,43304744,All 13 momenta passed the 10/10 eigensolver gate with one frozen converged environment.,D:\1 - research\1.24 - Honeycomb_J1J2\hpc\rendered\2026-07-14_2105_bsc_J1J2p04_merge_D8chi256_TM_k0_pi12_pi_shared_env_tol1e6\pulled_remote\D8\TM_spectrum\trivial\spectrum_k0_pi12_pi.csv,/gpfs/projects/ehpc670/data/J1J2p_Honeycomb_merge(S=0.5,
0.4,0.16666666666666666,0.5235987755982988,trivial,6,1.0009304901692335,8,256,merge,strict,43304744,All 13 momenta passed the 10/10 eigensolver gate with one frozen converged environment.,D:\1 - research\1.24 - Honeycomb_J1J2\hpc\rendered\2026-07-14_2105_bsc_J1J2p04_merge_D8chi256_TM_k0_pi12_pi_shared_env_tol1e6\pulled_remote\D8\TM_spectrum\trivial\spectrum_k0_pi12_pi.csv,/gpfs/projects/ehpc670/data/J1J2p_Honeycomb_merge(S=0.5,
0.4,0.16666666666666666,0.5235987755982988,trivial,7,1.004663296295965,8,256,merge,strict,43304744,All 13 momenta passed the 10/10 eigensolver gate with one frozen converged environment.,D:\1 - research\1.24 - Honeycomb_J1J2\hpc\rendered\2026-07-14_2105_bsc_J1J2p04_merge_D8chi256_TM_k0_pi12_pi_shared_env_tol1e6\pulled_remote\D8\TM_spectrum\trivial\spectrum_k0_pi12_pi.csv,/gpfs/projects/ehpc670/data/J1J2p_Honeycomb_merge(S=0.5,
0.4,0.16666666666666666,0.5235987755982988,trivial,8,1.0464504865826365,8,256,merge,strict,43304744,All 13 momenta passed the 10/10 eigensolver gate with one frozen converged environment.,D:\1 - research\1.24 - Honeycomb_J1J2\hpc\rendered\2026-07-14_2105_bsc_J1J2p04_merge_D8chi256_TM_k0_pi12_pi_shared_env_tol1e6\pulled_remote\D8\TM_spectrum\trivial\spectrum_k0_pi12_pi.csv,/gpfs/projects/ehpc670/data/J1J2p_Honeycomb_merge(S=0.5,
0.4,0.16666666666666666,0.5235987755982988,trivial,9,1.054486058657307,8,256,merge,strict,43304744,All 13 momenta passed the 10/10 eigensolver gate with one frozen converged environment.,D:\1 - research\1.24 - Honeycomb_J1J2\hpc\rendered\2026-07-14_2105_bsc_J1J2p04_merge_D8chi256_TM_k0_pi12_pi_shared_env_tol1e6\pulled_remote\D8\TM_spectrum\trivial\spectrum_k0_pi12_pi.csv,/gpfs/projects/ehpc670/data/J1J2p_Honeycomb_merge(S=0.5,
0.4,0.16666666666666666,0.5235987755982988,trivial,10,1.0603051178462655,8,256,merge,strict,43304744,All 13 momenta passed the 10/10 eigensolver gate with one frozen converged environment.,D:\1 - research\1.24 - Honeycomb_J1J2\hpc\rendered\2026-07-14_2105_bsc_J1J2p04_merge_D8chi256_TM_k0_pi12_pi_shared_env_tol1e6\pulled_remote\D8\TM_spectrum\trivial\spectrum_k0_pi12_pi.csv,/gpfs/projects/ehpc670/data/J1J2p_Honeycomb_merge(S=0.5,
0.4,0.25,0.7853981633974483,trivial,1,0.7495723743353304,8,256,merge,strict,43304744,All 13 momenta passed the 10/10 eigensolver gate with one frozen converged environment.,D:\1 - research\1.24 - Honeycomb_J1J2\hpc\rendered\2026-07-14_2105_bsc_J1J2p04_merge_D8chi256_TM_k0_pi12_pi_shared_env_tol1e6\pulled_remote\D8\TM_spectrum\trivial\spectrum_k0_pi12_pi.csv,/gpfs/projects/ehpc670/data/J1J2p_Honeycomb_merge(S=0.5,
0.4,0.25,0.7853981633974483,trivial,2,0.7530311985691619,8,256,merge,strict,43304744,All 13 momenta passed the 10/10 eigensolver gate with one frozen converged environment.,D:\1 - research\1.24 - Honeycomb_J1J2\hpc\rendered\2026-07-14_2105_bsc_J1J2p04_merge_D8chi256_TM_k0_pi12_pi_shared_env_tol1e6\pulled_remote\D8\TM_spectrum\trivial\spectrum_k0_pi12_pi.csv,/gpfs/projects/ehpc670/data/J1J2p_Honeycomb_merge(S=0.5,
0.4,0.25,0.7853981633974483,trivial,3,0.8185795726231717,8,256,merge,strict,43304744,All 13 momenta passed the 10/10 eigensolver gate with one frozen converged environment.,D:\1 - research\1.24 - Honeycomb_J1J2\hpc\rendered\2026-07-14_2105_bsc_J1J2p04_merge_D8chi256_TM_k0_pi12_pi_shared_env_tol1e6\pulled_remote\D8\TM_spectrum\trivial\spectrum_k0_pi12_pi.csv,/gpfs/projects/ehpc670/data/J1J2p_Honeycomb_merge(S=0.5,
0.4,0.25,0.7853981633974483,trivial,4,1.0684173796312166,8,256,merge,strict,43304744,All 13 momenta passed the 10/10 eigensolver gate with one frozen converged environment.,D:\1 - research\1.24 - Honeycomb_J1J2\hpc\rendered\2026-07-14_2105_bsc_J1J2p04_merge_D8chi256_TM_k0_pi12_pi_shared_env_tol1e6\pulled_remote\D8\TM_spectrum\trivial\spectrum_k0_pi12_pi.csv,/gpfs/projects/ehpc670/data/J1J2p_Honeycomb_merge(S=0.5,
0.4,0.25,0.7853981633974483,trivial,5,1.110609508188346,8,256,merge,strict,43304744,All 13 momenta passed the 10/10 eigensolver gate with one frozen converged environment.,D:\1 - research\1.24 - Honeycomb_J1J2\hpc\rendered\2026-07-14_2105_bsc_J1J2p04_merge_D8chi256_TM_k0_pi12_pi_shared_env_tol1e6\pulled_remote\D8\TM_spectrum\trivial\spectrum_k0_pi12_pi.csv,/gpfs/projects/ehpc670/data/J1J2p_Honeycomb_merge(S=0.5,
0.4,0.25,0.7853981633974483,trivial,6,1.117576960361378,8,256,merge,strict,43304744,All 13 momenta passed the 10/10 eigensolver gate with one frozen converged environment.,D:\1 - research\1.24 - Honeycomb_J1J2\hpc\rendered\2026-07-14_2105_bsc_J1J2p04_merge_D8chi256_TM_k0_pi12_pi_shared_env_tol1e6\pulled_remote\D8\TM_spectrum\trivial\spectrum_k0_pi12_pi.csv,/gpfs/projects/ehpc670/data/J1J2p_Honeycomb_merge(S=0.5,
0.4,0.25,0.7853981633974483,trivial,7,1.123184974338217,8,256,merge,strict,43304744,All 13 momenta passed the 10/10 eigensolver gate with one frozen converged environment.,D:\1 - research\1.24 - Honeycomb_J1J2\hpc\rendered\2026-07-14_2105_bsc_J1J2p04_merge_D8chi256_TM_k0_pi12_pi_shared_env_tol1e6\pulled_remote\D8\TM_spectrum\trivial\spectrum_k0_pi12_pi.csv,/gpfs/projects/ehpc670/data/J1J2p_Honeycomb_merge(S=0.5,
0.4,0.25,0.7853981633974483,trivial,8,1.155521681556024,8,256,merge,strict,43304744,All 13 momenta passed the 10/10 eigensolver gate with one frozen converged environment.,D:\1 - research\1.24 - Honeycomb_J1J2\hpc\rendered\2026-07-14_2105_bsc_J1J2p04_merge_D8chi256_TM_k0_pi12_pi_shared_env_tol1e6\pulled_remote\D8\TM_spectrum\trivial\spectrum_k0_pi12_pi.csv,/gpfs/projects/ehpc670/data/J1J2p_Honeycomb_merge(S=0.5,
0.4,0.25,0.7853981633974483,trivial,9,1.1665800142577945,8,256,merge,strict,43304744,All 13 momenta passed the 10/10 eigensolver gate with one frozen converged environment.,D:\1 - research\1.24 - Honeycomb_J1J2\hpc\rendered\2026-07-14_2105_bsc_J1J2p04_merge_D8chi256_TM_k0_pi12_pi_shared_env_tol1e6\pulled_remote\D8\TM_spectrum\trivial\spectrum_k0_pi12_pi.csv,/gpfs/projects/ehpc670/data/J1J2p_Honeycomb_merge(S=0.5,
0.4,0.25,0.7853981633974483,trivial,10,1.1852626602199223,8,256,merge,strict,43304744,All 13 momenta passed the 10/10 eigensolver gate with one frozen converged environment.,D:\1 - research\1.24 - Honeycomb_J1J2\hpc\rendered\2026-07-14_2105_bsc_J1J2p04_merge_D8chi256_TM_k0_pi12_pi_shared_env_tol1e6\pulled_remote\D8\TM_spectrum\trivial\spectrum_k0_pi12_pi.csv,/gpfs/projects/ehpc670/data/J1J2p_Honeycomb_merge(S=0.5,
0.4,0.3333333333333333,1.0471975511965976,trivial,1,0.8663378183699371,8,256,merge,strict,43304744,All 13 momenta passed the 10/10 eigensolver gate with one frozen converged environment.,D:\1 - research\1.24 - Honeycomb_J1J2\hpc\rendered\2026-07-14_2105_bsc_J1J2p04_merge_D8chi256_TM_k0_pi12_pi_shared_env_tol1e6\pulled_remote\D8\TM_spectrum\trivial\spectrum_k0_pi12_pi.csv,/gpfs/projects/ehpc670/data/J1J2p_Honeycomb_merge(S=0.5,
0.4,0.3333333333333333,1.0471975511965976,trivial,2,0.8701884950773513,8,256,merge,strict,43304744,All 13 momenta passed the 10/10 eigensolver gate with one frozen converged environment.,D:\1 - research\1.24 - Honeycomb_J1J2\hpc\rendered\2026-07-14_2105_bsc_J1J2p04_merge_D8chi256_TM_k0_pi12_pi_shared_env_tol1e6\pulled_remote\D8\TM_spectrum\trivial\spectrum_k0_pi12_pi.csv,/gpfs/projects/ehpc670/data/J1J2p_Honeycomb_merge(S=0.5,
0.4,0.3333333333333333,1.0471975511965976,trivial,3,0.87872318672336,8,256,merge,strict,43304744,All 13 momenta passed the 10/10 eigensolver gate with one frozen converged environment.,D:\1 - research\1.24 - Honeycomb_J1J2\hpc\rendered\2026-07-14_2105_bsc_J1J2p04_merge_D8chi256_TM_k0_pi12_pi_shared_env_tol1e6\pulled_remote\D8\TM_spectrum\trivial\spectrum_k0_pi12_pi.csv,/gpfs/projects/ehpc670/data/J1J2p_Honeycomb_merge(S=0.5,
0.4,0.3333333333333333,1.0471975511965976,trivial,4,1.1875845066070438,8,256,merge,strict,43304744,All 13 momenta passed the 10/10 eigensolver gate with one frozen converged environment.,D:\1 - research\1.24 - Honeycomb_J1J2\hpc\rendered\2026-07-14_2105_bsc_J1J2p04_merge_D8chi256_TM_k0_pi12_pi_shared_env_tol1e6\pulled_remote\D8\TM_spectrum\trivial\spectrum_k0_pi12_pi.csv,/gpfs/projects/ehpc670/data/J1J2p_Honeycomb_merge(S=0.5,
0.4,0.3333333333333333,1.0471975511965976,trivial,5,1.192623090173469,8,256,merge,strict,43304744,All 13 momenta passed the 10/10 eigensolver gate with one frozen converged environment.,D:\1 - research\1.24 - Honeycomb_J1J2\hpc\rendered\2026-07-14_2105_bsc_J1J2p04_merge_D8chi256_TM_k0_pi12_pi_shared_env_tol1e6\pulled_remote\D8\TM_spectrum\trivial\spectrum_k0_pi12_pi.csv,/gpfs/projects/ehpc670/data/J1J2p_Honeycomb_merge(S=0.5,
0.4,0.3333333333333333,1.0471975511965976,trivial,6,1.2505719991451585,8,256,merge,strict,43304744,All 13 momenta passed the 10/10 eigensolver gate with one frozen converged environment.,D:\1 - research\1.24 - Honeycomb_J1J2\hpc\rendered\2026-07-14_2105_bsc_J1J2p04_merge_D8chi256_TM_k0_pi12_pi_shared_env_tol1e6\pulled_remote\D8\TM_spectrum\trivial\spectrum_k0_pi12_pi.csv,/gpfs/projects/ehpc670/data/J1J2p_Honeycomb_merge(S=0.5,
0.4,0.3333333333333333,1.0471975511965976,trivial,7,1.2552325182128283,8,256,merge,strict,43304744,All 13 momenta passed the 10/10 eigensolver gate with one frozen converged environment.,D:\1 - research\1.24 - Honeycomb_J1J2\hpc\rendered\2026-07-14_2105_bsc_J1J2p04_merge_D8chi256_TM_k0_pi12_pi_shared_env_tol1e6\pulled_remote\D8\TM_spectrum\trivial\spectrum_k0_pi12_pi.csv,/gpfs/projects/ehpc670/data/J1J2p_Honeycomb_merge(S=0.5,
0.4,0.3333333333333333,1.0471975511965976,trivial,8,1.2552782421836173,8,256,merge,strict,43304744,All 13 momenta passed the 10/10 eigensolver gate with one frozen converged environment.,D:\1 - research\1.24 - Honeycomb_J1J2\hpc\rendered\2026-07-14_2105_bsc_J1J2p04_merge_D8chi256_TM_k0_pi12_pi_shared_env_tol1e6\pulled_remote\D8\TM_spectrum\trivial\spectrum_k0_pi12_pi.csv,/gpfs/projects/ehpc670/data/J1J2p_Honeycomb_merge(S=0.5,
0.4,0.3333333333333333,1.0471975511965976,trivial,9,1.2641750616060483,8,256,merge,strict,43304744,All 13 momenta passed the 10/10 eigensolver gate with one frozen converged environment.,D:\1 - research\1.24 - Honeycomb_J1J2\hpc\rendered\2026-07-14_2105_bsc_J1J2p04_merge_D8chi256_TM_k0_pi12_pi_shared_env_tol1e6\pulled_remote\D8\TM_spectrum\trivial\spectrum_k0_pi12_pi.csv,/gpfs/projects/ehpc670/data/J1J2p_Honeycomb_merge(S=0.5,
0.4,0.3333333333333333,1.0471975511965976,trivial,10,1.2829134164852318,8,256,merge,strict,43304744,All 13 momenta passed the 10/10 eigensolver gate with one frozen converged environment.,D:\1 - research\1.24 - Honeycomb_J1J2\hpc\rendered\2026-07-14_2105_bsc_J1J2p04_merge_D8chi256_TM_k0_pi12_pi_shared_env_tol1e6\pulled_remote\D8\TM_spectrum\trivial\spectrum_k0_pi12_pi.csv,/gpfs/projects/ehpc670/data/J1J2p_Honeycomb_merge(S=0.5,
0.4,0.4166666666666667,1.3089969389957472,trivial,1,0.928944499567087,8,256,merge,strict,43304744,All 13 momenta passed the 10/10 eigensolver gate with one frozen converged environment.,D:\1 - research\1.24 - Honeycomb_J1J2\hpc\rendered\2026-07-14_2105_bsc_J1J2p04_merge_D8chi256_TM_k0_pi12_pi_shared_env_tol1e6\pulled_remote\D8\TM_spectrum\trivial\spectrum_k0_pi12_pi.csv,/gpfs/projects/ehpc670/data/J1J2p_Honeycomb_merge(S=0.5,
0.4,0.4166666666666667,1.3089969389957472,trivial,2,0.9449546413204368,8,256,merge,strict,43304744,All 13 momenta passed the 10/10 eigensolver gate with one frozen converged environment.,D:\1 - research\1.24 - Honeycomb_J1J2\hpc\rendered\2026-07-14_2105_bsc_J1J2p04_merge_D8chi256_TM_k0_pi12_pi_shared_env_tol1e6\pulled_remote\D8\TM_spectrum\trivial\spectrum_k0_pi12_pi.csv,/gpfs/projects/ehpc670/data/J1J2p_Honeycomb_merge(S=0.5,
0.4,0.4166666666666667,1.3089969389957472,trivial,3,0.9498299469600082,8,256,merge,strict,43304744,All 13 momenta passed the 10/10 eigensolver gate with one frozen converged environment.,D:\1 - research\1.24 - Honeycomb_J1J2\hpc\rendered\2026-07-14_2105_bsc_J1J2p04_merge_D8chi256_TM_k0_pi12_pi_shared_env_tol1e6\pulled_remote\D8\TM_spectrum\trivial\spectrum_k0_pi12_pi.csv,/gpfs/projects/ehpc670/data/J1J2p_Honeycomb_merge(S=0.5,
0.4,0.4166666666666667,1.3089969389957472,trivial,4,1.2526368476150556,8,256,merge,strict,43304744,All 13 momenta passed the 10/10 eigensolver gate with one frozen converged environment.,D:\1 - research\1.24 - Honeycomb_J1J2\hpc\rendered\2026-07-14_2105_bsc_J1J2p04_merge_D8chi256_TM_k0_pi12_pi_shared_env_tol1e6\pulled_remote\D8\TM_spectrum\trivial\spectrum_k0_pi12_pi.csv,/gpfs/projects/ehpc670/data/J1J2p_Honeycomb_merge(S=0.5,
0.4,0.4166666666666667,1.3089969389957472,trivial,5,1.272311169983423,8,256,merge,strict,43304744,All 13 momenta passed the 10/10 eigensolver gate with one frozen converged environment.,D:\1 - research\1.24 - Honeycomb_J1J2\hpc\rendered\2026-07-14_2105_bsc_J1J2p04_merge_D8chi256_TM_k0_pi12_pi_shared_env_tol1e6\pulled_remote\D8\TM_spectrum\trivial\spectrum_k0_pi12_pi.csv,/gpfs/projects/ehpc670/data/J1J2p_Honeycomb_merge(S=0.5,
0.4,0.4166666666666667,1.3089969389957472,trivial,6,1.3153149559976265,8,256,merge,strict,43304744,All 13 momenta passed the 10/10 eigensolver gate with one frozen converged environment.,D:\1 - research\1.24 - Honeycomb_J1J2\hpc\rendered\2026-07-14_2105_bsc_J1J2p04_merge_D8chi256_TM_k0_pi12_pi_shared_env_tol1e6\pulled_remote\D8\TM_spectrum\trivial\spectrum_k0_pi12_pi.csv,/gpfs/projects/ehpc670/data/J1J2p_Honeycomb_merge(S=0.5,
0.4,0.4166666666666667,1.3089969389957472,trivial,7,1.3280394491619871,8,256,merge,strict,43304744,All 13 momenta passed the 10/10 eigensolver gate with one frozen converged environment.,D:\1 - research\1.24 - Honeycomb_J1J2\hpc\rendered\2026-07-14_2105_bsc_J1J2p04_merge_D8chi256_TM_k0_pi12_pi_shared_env_tol1e6\pulled_remote\D8\TM_spectrum\trivial\spectrum_k0_pi12_pi.csv,/gpfs/projects/ehpc670/data/J1J2p_Honeycomb_merge(S=0.5,
0.4,0.4166666666666667,1.3089969389957472,trivial,8,1.3328614361120357,8,256,merge,strict,43304744,All 13 momenta passed the 10/10 eigensolver gate with one frozen converged environment.,D:\1 - research\1.24 - Honeycomb_J1J2\hpc\rendered\2026-07-14_2105_bsc_J1J2p04_merge_D8chi256_TM_k0_pi12_pi_shared_env_tol1e6\pulled_remote\D8\TM_spectrum\trivial\spectrum_k0_pi12_pi.csv,/gpfs/projects/ehpc670/data/J1J2p_Honeycomb_merge(S=0.5,
0.4,0.4166666666666667,1.3089969389957472,trivial,9,1.3546886115854302,8,256,merge,strict,43304744,All 13 momenta passed the 10/10 eigensolver gate with one frozen converged environment.,D:\1 - research\1.24 - Honeycomb_J1J2\hpc\rendered\2026-07-14_2105_bsc_J1J2p04_merge_D8chi256_TM_k0_pi12_pi_shared_env_tol1e6\pulled_remote\D8\TM_spectrum\trivial\spectrum_k0_pi12_pi.csv,/gpfs/projects/ehpc670/data/J1J2p_Honeycomb_merge(S=0.5,
0.4,0.4166666666666667,1.3089969389957472,trivial,10,1.3586394108851443,8,256,merge,strict,43304744,All 13 momenta passed the 10/10 eigensolver gate with one frozen converged environment.,D:\1 - research\1.24 - Honeycomb_J1J2\hpc\rendered\2026-07-14_2105_bsc_J1J2p04_merge_D8chi256_TM_k0_pi12_pi_shared_env_tol1e6\pulled_remote\D8\TM_spectrum\trivial\spectrum_k0_pi12_pi.csv,/gpfs/projects/ehpc670/data/J1J2p_Honeycomb_merge(S=0.5,
0.4,0.5,1.5707963267948966,trivial,1,0.9584455069412092,8,256,merge,strict,43304744,All 13 momenta passed the 10/10 eigensolver gate with one frozen converged environment.,D:\1 - research\1.24 - Honeycomb_J1J2\hpc\rendered\2026-07-14_2105_bsc_J1J2p04_merge_D8chi256_TM_k0_pi12_pi_shared_env_tol1e6\pulled_remote\D8\TM_spectrum\trivial\spectrum_k0_pi12_pi.csv,/gpfs/projects/ehpc670/data/J1J2p_Honeycomb_merge(S=0.5,
0.4,0.5,1.5707963267948966,trivial,2,0.9933358644633905,8,256,merge,strict,43304744,All 13 momenta passed the 10/10 eigensolver gate with one frozen converged environment.,D:\1 - research\1.24 - Honeycomb_J1J2\hpc\rendered\2026-07-14_2105_bsc_J1J2p04_merge_D8chi256_TM_k0_pi12_pi_shared_env_tol1e6\pulled_remote\D8\TM_spectrum\trivial\spectrum_k0_pi12_pi.csv,/gpfs/projects/ehpc670/data/J1J2p_Honeycomb_merge(S=0.5,
0.4,0.5,1.5707963267948966,trivial,3,0.9945184255337791,8,256,merge,strict,43304744,All 13 momenta passed the 10/10 eigensolver gate with one frozen converged environment.,D:\1 - research\1.24 - Honeycomb_J1J2\hpc\rendered\2026-07-14_2105_bsc_J1J2p04_merge_D8chi256_TM_k0_pi12_pi_shared_env_tol1e6\pulled_remote\D8\TM_spectrum\trivial\spectrum_k0_pi12_pi.csv,/gpfs/projects/ehpc670/data/J1J2p_Honeycomb_merge(S=0.5,
0.4,0.5,1.5707963267948966,trivial,4,1.0009604885281298,8,256,merge,strict,43304744,All 13 momenta passed the 10/10 eigensolver gate with one frozen converged environment.,D:\1 - research\1.24 - Honeycomb_J1J2\hpc\rendered\2026-07-14_2105_bsc_J1J2p04_merge_D8chi256_TM_k0_pi12_pi_shared_env_tol1e6\pulled_remote\D8\TM_spectrum\trivial\spectrum_k0_pi12_pi.csv,/gpfs/projects/ehpc670/data/J1J2p_Honeycomb_merge(S=0.5,
0.4,0.5,1.5707963267948966,trivial,5,1.2028160539346802,8,256,merge,strict,43304744,All 13 momenta passed the 10/10 eigensolver gate with one frozen converged environment.,D:\1 - research\1.24 - Honeycomb_J1J2\hpc\rendered\2026-07-14_2105_bsc_J1J2p04_merge_D8chi256_TM_k0_pi12_pi_shared_env_tol1e6\pulled_remote\D8\TM_spectrum\trivial\spectrum_k0_pi12_pi.csv,/gpfs/projects/ehpc670/data/J1J2p_Honeycomb_merge(S=0.5,
0.4,0.5,1.5707963267948966,trivial,6,1.2069264595317728,8,256,merge,strict,43304744,All 13 momenta passed the 10/10 eigensolver gate with one frozen converged environment.,D:\1 - research\1.24 - Honeycomb_J1J2\hpc\rendered\2026-07-14_2105_bsc_J1J2p04_merge_D8chi256_TM_k0_pi12_pi_shared_env_tol1e6\pulled_remote\D8\TM_spectrum\trivial\spectrum_k0_pi12_pi.csv,/gpfs/projects/ehpc670/data/J1J2p_Honeycomb_merge(S=0.5,
0.4,0.5,1.5707963267948966,trivial,7,1.2911146589899711,8,256,merge,strict,43304744,All 13 momenta passed the 10/10 eigensolver gate with one frozen converged environment.,D:\1 - research\1.24 - Honeycomb_J1J2\hpc\rendered\2026-07-14_2105_bsc_J1J2p04_merge_D8chi256_TM_k0_pi12_pi_shared_env_tol1e6\pulled_remote\D8\TM_spectrum\trivial\spectrum_k0_pi12_pi.csv,/gpfs/projects/ehpc670/data/J1J2p_Honeycomb_merge(S=0.5,
0.4,0.5,1.5707963267948966,trivial,8,1.320248688327643,8,256,merge,strict,43304744,All 13 momenta passed the 10/10 eigensolver gate with one frozen converged environment.,D:\1 - research\1.24 - Honeycomb_J1J2\hpc\rendered\2026-07-14_2105_bsc_J1J2p04_merge_D8chi256_TM_k0_pi12_pi_shared_env_tol1e6\pulled_remote\D8\TM_spectrum\trivial\spectrum_k0_pi12_pi.csv,/gpfs/projects/ehpc670/data/J1J2p_Honeycomb_merge(S=0.5,
0.4,0.5,1.5707963267948966,trivial,9,1.3351707133237025,8,256,merge,strict,43304744,All 13 momenta passed the 10/10 eigensolver gate with one frozen converged environment.,D:\1 - research\1.24 - Honeycomb_J1J2\hpc\rendered\2026-07-14_2105_bsc_J1J2p04_merge_D8chi256_TM_k0_pi12_pi_shared_env_tol1e6\pulled_remote\D8\TM_spectrum\trivial\spectrum_k0_pi12_pi.csv,/gpfs/projects/ehpc670/data/J1J2p_Honeycomb_merge(S=0.5,
0.4,0.5,1.5707963267948966,trivial,10,1.3673523984348277,8,256,merge,strict,43304744,All 13 momenta passed the 10/10 eigensolver gate with one frozen converged environment.,D:\1 - research\1.24 - Honeycomb_J1J2\hpc\rendered\2026-07-14_2105_bsc_J1J2p04_merge_D8chi256_TM_k0_pi12_pi_shared_env_tol1e6\pulled_remote\D8\TM_spectrum\trivial\spectrum_k0_pi12_pi.csv,/gpfs/projects/ehpc670/data/J1J2p_Honeycomb_merge(S=0.5,
0.4,0.5833333333333334,1.8325957145940461,trivial,1,0.7242972744195861,8,256,merge,strict,43304744,All 13 momenta passed the 10/10 eigensolver gate with one frozen converged environment.,D:\1 - research\1.24 - Honeycomb_J1J2\hpc\rendered\2026-07-14_2105_bsc_J1J2p04_merge_D8chi256_TM_k0_pi12_pi_shared_env_tol1e6\pulled_remote\D8\TM_spectrum\trivial\spectrum_k0_pi12_pi.csv,/gpfs/projects/ehpc670/data/J1J2p_Honeycomb_merge(S=0.5,
0.4,0.5833333333333334,1.8325957145940461,trivial,2,0.9724949852818747,8,256,merge,strict,43304744,All 13 momenta passed the 10/10 eigensolver gate with one frozen converged environment.,D:\1 - research\1.24 - Honeycomb_J1J2\hpc\rendered\2026-07-14_2105_bsc_J1J2p04_merge_D8chi256_TM_k0_pi12_pi_shared_env_tol1e6\pulled_remote\D8\TM_spectrum\trivial\spectrum_k0_pi12_pi.csv,/gpfs/projects/ehpc670/data/J1J2p_Honeycomb_merge(S=0.5,
0.4,0.5833333333333334,1.8325957145940461,trivial,3,0.9896090905306982,8,256,merge,strict,43304744,All 13 momenta passed the 10/10 eigensolver gate with one frozen converged environment.,D:\1 - research\1.24 - Honeycomb_J1J2\hpc\rendered\2026-07-14_2105_bsc_J1J2p04_merge_D8chi256_TM_k0_pi12_pi_shared_env_tol1e6\pulled_remote\D8\TM_spectrum\trivial\spectrum_k0_pi12_pi.csv,/gpfs/projects/ehpc670/data/J1J2p_Honeycomb_merge(S=0.5,
0.4,0.5833333333333334,1.8325957145940461,trivial,4,0.995312857083309,8,256,merge,strict,43304744,All 13 momenta passed the 10/10 eigensolver gate with one frozen converged environment.,D:\1 - research\1.24 - Honeycomb_J1J2\hpc\rendered\2026-07-14_2105_bsc_J1J2p04_merge_D8chi256_TM_k0_pi12_pi_shared_env_tol1e6\pulled_remote\D8\TM_spectrum\trivial\spectrum_k0_pi12_pi.csv,/gpfs/projects/ehpc670/data/J1J2p_Honeycomb_merge(S=0.5,
0.4,0.5833333333333334,1.8325957145940461,trivial,5,1.022921646619293,8,256,merge,strict,43304744,All 13 momenta passed the 10/10 eigensolver gate with one frozen converged environment.,D:\1 - research\1.24 - Honeycomb_J1J2\hpc\rendered\2026-07-14_2105_bsc_J1J2p04_merge_D8chi256_TM_k0_pi12_pi_shared_env_tol1e6\pulled_remote\D8\TM_spectrum\trivial\spectrum_k0_pi12_pi.csv,/gpfs/projects/ehpc670/data/J1J2p_Honeycomb_merge(S=0.5,
0.4,0.5833333333333334,1.8325957145940461,trivial,6,1.0277230478881867,8,256,merge,strict,43304744,All 13 momenta passed the 10/10 eigensolver gate with one frozen converged environment.,D:\1 - research\1.24 - Honeycomb_J1J2\hpc\rendered\2026-07-14_2105_bsc_J1J2p04_merge_D8chi256_TM_k0_pi12_pi_shared_env_tol1e6\pulled_remote\D8\TM_spectrum\trivial\spectrum_k0_pi12_pi.csv,/gpfs/projects/ehpc670/data/J1J2p_Honeycomb_merge(S=0.5,
0.4,0.5833333333333334,1.8325957145940461,trivial,7,1.2506229486534386,8,256,merge,strict,43304744,All 13 momenta passed the 10/10 eigensolver gate with one frozen converged environment.,D:\1 - research\1.24 - Honeycomb_J1J2\hpc\rendered\2026-07-14_2105_bsc_J1J2p04_merge_D8chi256_TM_k0_pi12_pi_shared_env_tol1e6\pulled_remote\D8\TM_spectrum\trivial\spectrum_k0_pi12_pi.csv,/gpfs/projects/ehpc670/data/J1J2p_Honeycomb_merge(S=0.5,
0.4,0.5833333333333334,1.8325957145940461,trivial,8,1.2584676742474459,8,256,merge,strict,43304744,All 13 momenta passed the 10/10 eigensolver gate with one frozen converged environment.,D:\1 - research\1.24 - Honeycomb_J1J2\hpc\rendered\2026-07-14_2105_bsc_J1J2p04_merge_D8chi256_TM_k0_pi12_pi_shared_env_tol1e6\pulled_remote\D8\TM_spectrum\trivial\spectrum_k0_pi12_pi.csv,/gpfs/projects/ehpc670/data/J1J2p_Honeycomb_merge(S=0.5,
0.4,0.5833333333333334,1.8325957145940461,trivial,9,1.3094063036423607,8,256,merge,strict,43304744,All 13 momenta passed the 10/10 eigensolver gate with one frozen converged environment.,D:\1 - research\1.24 - Honeycomb_J1J2\hpc\rendered\2026-07-14_2105_bsc_J1J2p04_merge_D8chi256_TM_k0_pi12_pi_shared_env_tol1e6\pulled_remote\D8\TM_spectrum\trivial\spectrum_k0_pi12_pi.csv,/gpfs/projects/ehpc670/data/J1J2p_Honeycomb_merge(S=0.5,
0.4,0.5833333333333334,1.8325957145940461,trivial,10,1.3116550942784935,8,256,merge,strict,43304744,All 13 momenta passed the 10/10 eigensolver gate with one frozen converged environment.,D:\1 - research\1.24 - Honeycomb_J1J2\hpc\rendered\2026-07-14_2105_bsc_J1J2p04_merge_D8chi256_TM_k0_pi12_pi_shared_env_tol1e6\pulled_remote\D8\TM_spectrum\trivial\spectrum_k0_pi12_pi.csv,/gpfs/projects/ehpc670/data/J1J2p_Honeycomb_merge(S=0.5,
0.4,0.6666666666666666,2.0943951023931953,trivial,1,0.680000774515164,8,256,merge,strict,43304744,All 13 momenta passed the 10/10 eigensolver gate with one frozen converged environment.,D:\1 - research\1.24 - Honeycomb_J1J2\hpc\rendered\2026-07-14_2105_bsc_J1J2p04_merge_D8chi256_TM_k0_pi12_pi_shared_env_tol1e6\pulled_remote\D8\TM_spectrum\trivial\spectrum_k0_pi12_pi.csv,/gpfs/projects/ehpc670/data/J1J2p_Honeycomb_merge(S=0.5,
0.4,0.6666666666666666,2.0943951023931953,trivial,2,0.8747873792979708,8,256,merge,strict,43304744,All 13 momenta passed the 10/10 eigensolver gate with one frozen converged environment.,D:\1 - research\1.24 - Honeycomb_J1J2\hpc\rendered\2026-07-14_2105_bsc_J1J2p04_merge_D8chi256_TM_k0_pi12_pi_shared_env_tol1e6\pulled_remote\D8\TM_spectrum\trivial\spectrum_k0_pi12_pi.csv,/gpfs/projects/ehpc670/data/J1J2p_Honeycomb_merge(S=0.5,
0.4,0.6666666666666666,2.0943951023931953,trivial,3,0.8816949949903865,8,256,merge,strict,43304744,All 13 momenta passed the 10/10 eigensolver gate with one frozen converged environment.,D:\1 - research\1.24 - Honeycomb_J1J2\hpc\rendered\2026-07-14_2105_bsc_J1J2p04_merge_D8chi256_TM_k0_pi12_pi_shared_env_tol1e6\pulled_remote\D8\TM_spectrum\trivial\spectrum_k0_pi12_pi.csv,/gpfs/projects/ehpc670/data/J1J2p_Honeycomb_merge(S=0.5,
0.4,0.6666666666666666,2.0943951023931953,trivial,4,0.9740920752488843,8,256,merge,strict,43304744,All 13 momenta passed the 10/10 eigensolver gate with one frozen converged environment.,D:\1 - research\1.24 - Honeycomb_J1J2\hpc\rendered\2026-07-14_2105_bsc_J1J2p04_merge_D8chi256_TM_k0_pi12_pi_shared_env_tol1e6\pulled_remote\D8\TM_spectrum\trivial\spectrum_k0_pi12_pi.csv,/gpfs/projects/ehpc670/data/J1J2p_Honeycomb_merge(S=0.5,
0.4,0.6666666666666666,2.0943951023931953,trivial,5,1.0342027790141377,8,256,merge,strict,43304744,All 13 momenta passed the 10/10 eigensolver gate with one frozen converged environment.,D:\1 - research\1.24 - Honeycomb_J1J2\hpc\rendered\2026-07-14_2105_bsc_J1J2p04_merge_D8chi256_TM_k0_pi12_pi_shared_env_tol1e6\pulled_remote\D8\TM_spectrum\trivial\spectrum_k0_pi12_pi.csv,/gpfs/projects/ehpc670/data/J1J2p_Honeycomb_merge(S=0.5,
0.4,0.6666666666666666,2.0943951023931953,trivial,6,1.035803934420923,8,256,merge,strict,43304744,All 13 momenta passed the 10/10 eigensolver gate with one frozen converged environment.,D:\1 - research\1.24 - Honeycomb_J1J2\hpc\rendered\2026-07-14_2105_bsc_J1J2p04_merge_D8chi256_TM_k0_pi12_pi_shared_env_tol1e6\pulled_remote\D8\TM_spectrum\trivial\spectrum_k0_pi12_pi.csv,/gpfs/projects/ehpc670/data/J1J2p_Honeycomb_merge(S=0.5,
0.4,0.6666666666666666,2.0943951023931953,trivial,7,1.1843120696123048,8,256,merge,strict,43304744,All 13 momenta passed the 10/10 eigensolver gate with one frozen converged environment.,D:\1 - research\1.24 - Honeycomb_J1J2\hpc\rendered\2026-07-14_2105_bsc_J1J2p04_merge_D8chi256_TM_k0_pi12_pi_shared_env_tol1e6\pulled_remote\D8\TM_spectrum\trivial\spectrum_k0_pi12_pi.csv,/gpfs/projects/ehpc670/data/J1J2p_Honeycomb_merge(S=0.5,
0.4,0.6666666666666666,2.0943951023931953,trivial,8,1.190658585190204,8,256,merge,strict,43304744,All 13 momenta passed the 10/10 eigensolver gate with one frozen converged environment.,D:\1 - research\1.24 - Honeycomb_J1J2\hpc\rendered\2026-07-14_2105_bsc_J1J2p04_merge_D8chi256_TM_k0_pi12_pi_shared_env_tol1e6\pulled_remote\D8\TM_spectrum\trivial\spectrum_k0_pi12_pi.csv,/gpfs/projects/ehpc670/data/J1J2p_Honeycomb_merge(S=0.5,
0.4,0.6666666666666666,2.0943951023931953,trivial,9,1.2033771105710296,8,256,merge,strict,43304744,All 13 momenta passed the 10/10 eigensolver gate with one frozen converged environment.,D:\1 - research\1.24 - Honeycomb_J1J2\hpc\rendered\2026-07-14_2105_bsc_J1J2p04_merge_D8chi256_TM_k0_pi12_pi_shared_env_tol1e6\pulled_remote\D8\TM_spectrum\trivial\spectrum_k0_pi12_pi.csv,/gpfs/projects/ehpc670/data/J1J2p_Honeycomb_merge(S=0.5,
0.4,0.6666666666666666,2.0943951023931953,trivial,10,1.2860366346418903,8,256,merge,strict,43304744,All 13 momenta passed the 10/10 eigensolver gate with one frozen converged environment.,D:\1 - research\1.24 - Honeycomb_J1J2\hpc\rendered\2026-07-14_2105_bsc_J1J2p04_merge_D8chi256_TM_k0_pi12_pi_shared_env_tol1e6\pulled_remote\D8\TM_spectrum\trivial\spectrum_k0_pi12_pi.csv,/gpfs/projects/ehpc670/data/J1J2p_Honeycomb_merge(S=0.5,
0.4,0.75,2.356194490192345,trivial,1,0.690904908496246,8,256,merge,strict,43304744,All 13 momenta passed the 10/10 eigensolver gate with one frozen converged environment.,D:\1 - research\1.24 - Honeycomb_J1J2\hpc\rendered\2026-07-14_2105_bsc_J1J2p04_merge_D8chi256_TM_k0_pi12_pi_shared_env_tol1e6\pulled_remote\D8\TM_spectrum\trivial\spectrum_k0_pi12_pi.csv,/gpfs/projects/ehpc670/data/J1J2p_Honeycomb_merge(S=0.5,
0.4,0.75,2.356194490192345,trivial,2,0.8380091625991711,8,256,merge,strict,43304744,All 13 momenta passed the 10/10 eigensolver gate with one frozen converged environment.,D:\1 - research\1.24 - Honeycomb_J1J2\hpc\rendered\2026-07-14_2105_bsc_J1J2p04_merge_D8chi256_TM_k0_pi12_pi_shared_env_tol1e6\pulled_remote\D8\TM_spectrum\trivial\spectrum_k0_pi12_pi.csv,/gpfs/projects/ehpc670/data/J1J2p_Honeycomb_merge(S=0.5,
0.4,0.75,2.356194490192345,trivial,3,0.8525754837524592,8,256,merge,strict,43304744,All 13 momenta passed the 10/10 eigensolver gate with one frozen converged environment.,D:\1 - research\1.24 - Honeycomb_J1J2\hpc\rendered\2026-07-14_2105_bsc_J1J2p04_merge_D8chi256_TM_k0_pi12_pi_shared_env_tol1e6\pulled_remote\D8\TM_spectrum\trivial\spectrum_k0_pi12_pi.csv,/gpfs/projects/ehpc670/data/J1J2p_Honeycomb_merge(S=0.5,
0.4,0.75,2.356194490192345,trivial,4,0.9603229821690484,8,256,merge,strict,43304744,All 13 momenta passed the 10/10 eigensolver gate with one frozen converged environment.,D:\1 - research\1.24 - Honeycomb_J1J2\hpc\rendered\2026-07-14_2105_bsc_J1J2p04_merge_D8chi256_TM_k0_pi12_pi_shared_env_tol1e6\pulled_remote\D8\TM_spectrum\trivial\spectrum_k0_pi12_pi.csv,/gpfs/projects/ehpc670/data/J1J2p_Honeycomb_merge(S=0.5,
0.4,0.75,2.356194490192345,trivial,5,1.030699996155999,8,256,merge,strict,43304744,All 13 momenta passed the 10/10 eigensolver gate with one frozen converged environment.,D:\1 - research\1.24 - Honeycomb_J1J2\hpc\rendered\2026-07-14_2105_bsc_J1J2p04_merge_D8chi256_TM_k0_pi12_pi_shared_env_tol1e6\pulled_remote\D8\TM_spectrum\trivial\spectrum_k0_pi12_pi.csv,/gpfs/projects/ehpc670/data/J1J2p_Honeycomb_merge(S=0.5,
0.4,0.75,2.356194490192345,trivial,6,1.0312508028555118,8,256,merge,strict,43304744,All 13 momenta passed the 10/10 eigensolver gate with one frozen converged environment.,D:\1 - research\1.24 - Honeycomb_J1J2\hpc\rendered\2026-07-14_2105_bsc_J1J2p04_merge_D8chi256_TM_k0_pi12_pi_shared_env_tol1e6\pulled_remote\D8\TM_spectrum\trivial\spectrum_k0_pi12_pi.csv,/gpfs/projects/ehpc670/data/J1J2p_Honeycomb_merge(S=0.5,
0.4,0.75,2.356194490192345,trivial,7,1.161300668088019,8,256,merge,strict,43304744,All 13 momenta passed the 10/10 eigensolver gate with one frozen converged environment.,D:\1 - research\1.24 - Honeycomb_J1J2\hpc\rendered\2026-07-14_2105_bsc_J1J2p04_merge_D8chi256_TM_k0_pi12_pi_shared_env_tol1e6\pulled_remote\D8\TM_spectrum\trivial\spectrum_k0_pi12_pi.csv,/gpfs/projects/ehpc670/data/J1J2p_Honeycomb_merge(S=0.5,
0.4,0.75,2.356194490192345,trivial,8,1.1682945408629852,8,256,merge,strict,43304744,All 13 momenta passed the 10/10 eigensolver gate with one frozen converged environment.,D:\1 - research\1.24 - Honeycomb_J1J2\hpc\rendered\2026-07-14_2105_bsc_J1J2p04_merge_D8chi256_TM_k0_pi12_pi_shared_env_tol1e6\pulled_remote\D8\TM_spectrum\trivial\spectrum_k0_pi12_pi.csv,/gpfs/projects/ehpc670/data/J1J2p_Honeycomb_merge(S=0.5,
0.4,0.75,2.356194490192345,trivial,9,1.1741119920617868,8,256,merge,strict,43304744,All 13 momenta passed the 10/10 eigensolver gate with one frozen converged environment.,D:\1 - research\1.24 - Honeycomb_J1J2\hpc\rendered\2026-07-14_2105_bsc_J1J2p04_merge_D8chi256_TM_k0_pi12_pi_shared_env_tol1e6\pulled_remote\D8\TM_spectrum\trivial\spectrum_k0_pi12_pi.csv,/gpfs/projects/ehpc670/data/J1J2p_Honeycomb_merge(S=0.5,
0.4,0.75,2.356194490192345,trivial,10,1.2473363995611062,8,256,merge,strict,43304744,All 13 momenta passed the 10/10 eigensolver gate with one frozen converged environment.,D:\1 - research\1.24 - Honeycomb_J1J2\hpc\rendered\2026-07-14_2105_bsc_J1J2p04_merge_D8chi256_TM_k0_pi12_pi_shared_env_tol1e6\pulled_remote\D8\TM_spectrum\trivial\spectrum_k0_pi12_pi.csv,/gpfs/projects/ehpc670/data/J1J2p_Honeycomb_merge(S=0.5,
0.4,0.8333333333333334,2.6179938779914944,trivial,1,0.6713022539525698,8,256,merge,strict,43304744,All 13 momenta passed the 10/10 eigensolver gate with one frozen converged environment.,D:\1 - research\1.24 - Honeycomb_J1J2\hpc\rendered\2026-07-14_2105_bsc_J1J2p04_merge_D8chi256_TM_k0_pi12_pi_shared_env_tol1e6\pulled_remote\D8\TM_spectrum\trivial\spectrum_k0_pi12_pi.csv,/gpfs/projects/ehpc670/data/J1J2p_Honeycomb_merge(S=0.5,
0.4,0.8333333333333334,2.6179938779914944,trivial,2,0.8596132336980484,8,256,merge,strict,43304744,All 13 momenta passed the 10/10 eigensolver gate with one frozen converged environment.,D:\1 - research\1.24 - Honeycomb_J1J2\hpc\rendered\2026-07-14_2105_bsc_J1J2p04_merge_D8chi256_TM_k0_pi12_pi_shared_env_tol1e6\pulled_remote\D8\TM_spectrum\trivial\spectrum_k0_pi12_pi.csv,/gpfs/projects/ehpc670/data/J1J2p_Honeycomb_merge(S=0.5,
0.4,0.8333333333333334,2.6179938779914944,trivial,3,0.8728501571454861,8,256,merge,strict,43304744,All 13 momenta passed the 10/10 eigensolver gate with one frozen converged environment.,D:\1 - research\1.24 - Honeycomb_J1J2\hpc\rendered\2026-07-14_2105_bsc_J1J2p04_merge_D8chi256_TM_k0_pi12_pi_shared_env_tol1e6\pulled_remote\D8\TM_spectrum\trivial\spectrum_k0_pi12_pi.csv,/gpfs/projects/ehpc670/data/J1J2p_Honeycomb_merge(S=0.5,
0.4,0.8333333333333334,2.6179938779914944,trivial,4,0.9304998515920976,8,256,merge,strict,43304744,All 13 momenta passed the 10/10 eigensolver gate with one frozen converged environment.,D:\1 - research\1.24 - Honeycomb_J1J2\hpc\rendered\2026-07-14_2105_bsc_J1J2p04_merge_D8chi256_TM_k0_pi12_pi_shared_env_tol1e6\pulled_remote\D8\TM_spectrum\trivial\spectrum_k0_pi12_pi.csv,/gpfs/projects/ehpc670/data/J1J2p_Honeycomb_merge(S=0.5,
0.4,0.8333333333333334,2.6179938779914944,trivial,5,1.008571026344023,8,256,merge,strict,43304744,All 13 momenta passed the 10/10 eigensolver gate with one frozen converged environment.,D:\1 - research\1.24 - Honeycomb_J1J2\hpc\rendered\2026-07-14_2105_bsc_J1J2p04_merge_D8chi256_TM_k0_pi12_pi_shared_env_tol1e6\pulled_remote\D8\TM_spectrum\trivial\spectrum_k0_pi12_pi.csv,/gpfs/projects/ehpc670/data/J1J2p_Honeycomb_merge(S=0.5,
0.4,0.8333333333333334,2.6179938779914944,trivial,6,1.0169571068037588,8,256,merge,strict,43304744,All 13 momenta passed the 10/10 eigensolver gate with one frozen converged environment.,D:\1 - research\1.24 - Honeycomb_J1J2\hpc\rendered\2026-07-14_2105_bsc_J1J2p04_merge_D8chi256_TM_k0_pi12_pi_shared_env_tol1e6\pulled_remote\D8\TM_spectrum\trivial\spectrum_k0_pi12_pi.csv,/gpfs/projects/ehpc670/data/J1J2p_Honeycomb_merge(S=0.5,
0.4,0.8333333333333334,2.6179938779914944,trivial,7,1.1649109504110808,8,256,merge,strict,43304744,All 13 momenta passed the 10/10 eigensolver gate with one frozen converged environment.,D:\1 - research\1.24 - Honeycomb_J1J2\hpc\rendered\2026-07-14_2105_bsc_J1J2p04_merge_D8chi256_TM_k0_pi12_pi_shared_env_tol1e6\pulled_remote\D8\TM_spectrum\trivial\spectrum_k0_pi12_pi.csv,/gpfs/projects/ehpc670/data/J1J2p_Honeycomb_merge(S=0.5,
0.4,0.8333333333333334,2.6179938779914944,trivial,8,1.1880092120815438,8,256,merge,strict,43304744,All 13 momenta passed the 10/10 eigensolver gate with one frozen converged environment.,D:\1 - research\1.24 - Honeycomb_J1J2\hpc\rendered\2026-07-14_2105_bsc_J1J2p04_merge_D8chi256_TM_k0_pi12_pi_shared_env_tol1e6\pulled_remote\D8\TM_spectrum\trivial\spectrum_k0_pi12_pi.csv,/gpfs/projects/ehpc670/data/J1J2p_Honeycomb_merge(S=0.5,
0.4,0.8333333333333334,2.6179938779914944,trivial,9,1.1973402362086343,8,256,merge,strict,43304744,All 13 momenta passed the 10/10 eigensolver gate with one frozen converged environment.,D:\1 - research\1.24 - Honeycomb_J1J2\hpc\rendered\2026-07-14_2105_bsc_J1J2p04_merge_D8chi256_TM_k0_pi12_pi_shared_env_tol1e6\pulled_remote\D8\TM_spectrum\trivial\spectrum_k0_pi12_pi.csv,/gpfs/projects/ehpc670/data/J1J2p_Honeycomb_merge(S=0.5,
0.4,0.8333333333333334,2.6179938779914944,trivial,10,1.2435482376799345,8,256,merge,strict,43304744,All 13 momenta passed the 10/10 eigensolver gate with one frozen converged environment.,D:\1 - research\1.24 - Honeycomb_J1J2\hpc\rendered\2026-07-14_2105_bsc_J1J2p04_merge_D8chi256_TM_k0_pi12_pi_shared_env_tol1e6\pulled_remote\D8\TM_spectrum\trivial\spectrum_k0_pi12_pi.csv,/gpfs/projects/ehpc670/data/J1J2p_Honeycomb_merge(S=0.5,
0.4,0.9166666666666666,2.8797932657906435,trivial,1,0.7006955389082785,8,256,merge,strict,43304744,All 13 momenta passed the 10/10 eigensolver gate with one frozen converged environment.,D:\1 - research\1.24 - Honeycomb_J1J2\hpc\rendered\2026-07-14_2105_bsc_J1J2p04_merge_D8chi256_TM_k0_pi12_pi_shared_env_tol1e6\pulled_remote\D8\TM_spectrum\trivial\spectrum_k0_pi12_pi.csv,/gpfs/projects/ehpc670/data/J1J2p_Honeycomb_merge(S=0.5,
0.4,0.9166666666666666,2.8797932657906435,trivial,2,0.8821601403293456,8,256,merge,strict,43304744,All 13 momenta passed the 10/10 eigensolver gate with one frozen converged environment.,D:\1 - research\1.24 - Honeycomb_J1J2\hpc\rendered\2026-07-14_2105_bsc_J1J2p04_merge_D8chi256_TM_k0_pi12_pi_shared_env_tol1e6\pulled_remote\D8\TM_spectrum\trivial\spectrum_k0_pi12_pi.csv,/gpfs/projects/ehpc670/data/J1J2p_Honeycomb_merge(S=0.5,
0.4,0.9166666666666666,2.8797932657906435,trivial,3,0.9030964062357515,8,256,merge,strict,43304744,All 13 momenta passed the 10/10 eigensolver gate with one frozen converged environment.,D:\1 - research\1.24 - Honeycomb_J1J2\hpc\rendered\2026-07-14_2105_bsc_J1J2p04_merge_D8chi256_TM_k0_pi12_pi_shared_env_tol1e6\pulled_remote\D8\TM_spectrum\trivial\spectrum_k0_pi12_pi.csv,/gpfs/projects/ehpc670/data/J1J2p_Honeycomb_merge(S=0.5,
0.4,0.9166666666666666,2.8797932657906435,trivial,4,0.9196525988619628,8,256,merge,strict,43304744,All 13 momenta passed the 10/10 eigensolver gate with one frozen converged environment.,D:\1 - research\1.24 - Honeycomb_J1J2\hpc\rendered\2026-07-14_2105_bsc_J1J2p04_merge_D8chi256_TM_k0_pi12_pi_shared_env_tol1e6\pulled_remote\D8\TM_spectrum\trivial\spectrum_k0_pi12_pi.csv,/gpfs/projects/ehpc670/data/J1J2p_Honeycomb_merge(S=0.5,
0.4,0.9166666666666666,2.8797932657906435,trivial,5,0.984594114212831,8,256,merge,strict,43304744,All 13 momenta passed the 10/10 eigensolver gate with one frozen converged environment.,D:\1 - research\1.24 - Honeycomb_J1J2\hpc\rendered\2026-07-14_2105_bsc_J1J2p04_merge_D8chi256_TM_k0_pi12_pi_shared_env_tol1e6\pulled_remote\D8\TM_spectrum\trivial\spectrum_k0_pi12_pi.csv,/gpfs/projects/ehpc670/data/J1J2p_Honeycomb_merge(S=0.5,
0.4,0.9166666666666666,2.8797932657906435,trivial,6,0.9880615971096692,8,256,merge,strict,43304744,All 13 momenta passed the 10/10 eigensolver gate with one frozen converged environment.,D:\1 - research\1.24 - Honeycomb_J1J2\hpc\rendered\2026-07-14_2105_bsc_J1J2p04_merge_D8chi256_TM_k0_pi12_pi_shared_env_tol1e6\pulled_remote\D8\TM_spectrum\trivial\spectrum_k0_pi12_pi.csv,/gpfs/projects/ehpc670/data/J1J2p_Honeycomb_merge(S=0.5,
0.4,0.9166666666666666,2.8797932657906435,trivial,7,1.1942760740483975,8,256,merge,strict,43304744,All 13 momenta passed the 10/10 eigensolver gate with one frozen converged environment.,D:\1 - research\1.24 - Honeycomb_J1J2\hpc\rendered\2026-07-14_2105_bsc_J1J2p04_merge_D8chi256_TM_k0_pi12_pi_shared_env_tol1e6\pulled_remote\D8\TM_spectrum\trivial\spectrum_k0_pi12_pi.csv,/gpfs/projects/ehpc670/data/J1J2p_Honeycomb_merge(S=0.5,
0.4,0.9166666666666666,2.8797932657906435,trivial,8,1.2297646836525264,8,256,merge,strict,43304744,All 13 momenta passed the 10/10 eigensolver gate with one frozen converged environment.,D:\1 - research\1.24 - Honeycomb_J1J2\hpc\rendered\2026-07-14_2105_bsc_J1J2p04_merge_D8chi256_TM_k0_pi12_pi_shared_env_tol1e6\pulled_remote\D8\TM_spectrum\trivial\spectrum_k0_pi12_pi.csv,/gpfs/projects/ehpc670/data/J1J2p_Honeycomb_merge(S=0.5,
0.4,0.9166666666666666,2.8797932657906435,trivial,9,1.2441395631170038,8,256,merge,strict,43304744,All 13 momenta passed the 10/10 eigensolver gate with one frozen converged environment.,D:\1 - research\1.24 - Honeycomb_J1J2\hpc\rendered\2026-07-14_2105_bsc_J1J2p04_merge_D8chi256_TM_k0_pi12_pi_shared_env_tol1e6\pulled_remote\D8\TM_spectrum\trivial\spectrum_k0_pi12_pi.csv,/gpfs/projects/ehpc670/data/J1J2p_Honeycomb_merge(S=0.5,
0.4,0.9166666666666666,2.8797932657906435,trivial,10,1.2524555436089515,8,256,merge,strict,43304744,All 13 momenta passed the 10/10 eigensolver gate with one frozen converged environment.,D:\1 - research\1.24 - Honeycomb_J1J2\hpc\rendered\2026-07-14_2105_bsc_J1J2p04_merge_D8chi256_TM_k0_pi12_pi_shared_env_tol1e6\pulled_remote\D8\TM_spectrum\trivial\spectrum_k0_pi12_pi.csv,/gpfs/projects/ehpc670/data/J1J2p_Honeycomb_merge(S=0.5,
0.4,1.0,3.141592653589793,trivial,1,0.7981943816248546,8,256,merge,strict,43304744,All 13 momenta passed the 10/10 eigensolver gate with one frozen converged environment.,D:\1 - research\1.24 - Honeycomb_J1J2\hpc\rendered\2026-07-14_2105_bsc_J1J2p04_merge_D8chi256_TM_k0_pi12_pi_shared_env_tol1e6\pulled_remote\D8\TM_spectrum\trivial\spectrum_k0_pi12_pi.csv,/gpfs/projects/ehpc670/data/J1J2p_Honeycomb_merge(S=0.5,
0.4,1.0,3.141592653589793,trivial,2,0.7981943816248546,8,256,merge,strict,43304744,All 13 momenta passed the 10/10 eigensolver gate with one frozen converged environment.,D:\1 - research\1.24 - Honeycomb_J1J2\hpc\rendered\2026-07-14_2105_bsc_J1J2p04_merge_D8chi256_TM_k0_pi12_pi_shared_env_tol1e6\pulled_remote\D8\TM_spectrum\trivial\spectrum_k0_pi12_pi.csv,/gpfs/projects/ehpc670/data/J1J2p_Honeycomb_merge(S=0.5,
0.4,1.0,3.141592653589793,trivial,3,0.9475296851317649,8,256,merge,strict,43304744,All 13 momenta passed the 10/10 eigensolver gate with one frozen converged environment.,D:\1 - research\1.24 - Honeycomb_J1J2\hpc\rendered\2026-07-14_2105_bsc_J1J2p04_merge_D8chi256_TM_k0_pi12_pi_shared_env_tol1e6\pulled_remote\D8\TM_spectrum\trivial\spectrum_k0_pi12_pi.csv,/gpfs/projects/ehpc670/data/J1J2p_Honeycomb_merge(S=0.5,
0.4,1.0,3.141592653589793,trivial,4,0.9475296851317649,8,256,merge,strict,43304744,All 13 momenta passed the 10/10 eigensolver gate with one frozen converged environment.,D:\1 - research\1.24 - Honeycomb_J1J2\hpc\rendered\2026-07-14_2105_bsc_J1J2p04_merge_D8chi256_TM_k0_pi12_pi_shared_env_tol1e6\pulled_remote\D8\TM_spectrum\trivial\spectrum_k0_pi12_pi.csv,/gpfs/projects/ehpc670/data/J1J2p_Honeycomb_merge(S=0.5,
0.4,1.0,3.141592653589793,trivial,5,0.9636788970164383,8,256,merge,strict,43304744,All 13 momenta passed the 10/10 eigensolver gate with one frozen converged environment.,D:\1 - research\1.24 - Honeycomb_J1J2\hpc\rendered\2026-07-14_2105_bsc_J1J2p04_merge_D8chi256_TM_k0_pi12_pi_shared_env_tol1e6\pulled_remote\D8\TM_spectrum\trivial\spectrum_k0_pi12_pi.csv,/gpfs/projects/ehpc670/data/J1J2p_Honeycomb_merge(S=0.5,
0.4,1.0,3.141592653589793,trivial,6,0.9636788970164383,8,256,merge,strict,43304744,All 13 momenta passed the 10/10 eigensolver gate with one frozen converged environment.,D:\1 - research\1.24 - Honeycomb_J1J2\hpc\rendered\2026-07-14_2105_bsc_J1J2p04_merge_D8chi256_TM_k0_pi12_pi_shared_env_tol1e6\pulled_remote\D8\TM_spectrum\trivial\spectrum_k0_pi12_pi.csv,/gpfs/projects/ehpc670/data/J1J2p_Honeycomb_merge(S=0.5,
0.4,1.0,3.141592653589793,trivial,7,1.240532849425741,8,256,merge,strict,43304744,All 13 momenta passed the 10/10 eigensolver gate with one frozen converged environment.,D:\1 - research\1.24 - Honeycomb_J1J2\hpc\rendered\2026-07-14_2105_bsc_J1J2p04_merge_D8chi256_TM_k0_pi12_pi_shared_env_tol1e6\pulled_remote\D8\TM_spectrum\trivial\spectrum_k0_pi12_pi.csv,/gpfs/projects/ehpc670/data/J1J2p_Honeycomb_merge(S=0.5,
0.4,1.0,3.141592653589793,trivial,8,1.240532849425741,8,256,merge,strict,43304744,All 13 momenta passed the 10/10 eigensolver gate with one frozen converged environment.,D:\1 - research\1.24 - Honeycomb_J1J2\hpc\rendered\2026-07-14_2105_bsc_J1J2p04_merge_D8chi256_TM_k0_pi12_pi_shared_env_tol1e6\pulled_remote\D8\TM_spectrum\trivial\spectrum_k0_pi12_pi.csv,/gpfs/projects/ehpc670/data/J1J2p_Honeycomb_merge(S=0.5,
0.4,1.0,3.141592653589793,trivial,9,1.272161217975302,8,256,merge,strict,43304744,All 13 momenta passed the 10/10 eigensolver gate with one frozen converged environment.,D:\1 - research\1.24 - Honeycomb_J1J2\hpc\rendered\2026-07-14_2105_bsc_J1J2p04_merge_D8chi256_TM_k0_pi12_pi_shared_env_tol1e6\pulled_remote\D8\TM_spectrum\trivial\spectrum_k0_pi12_pi.csv,/gpfs/projects/ehpc670/data/J1J2p_Honeycomb_merge(S=0.5,
0.4,1.0,3.141592653589793,trivial,10,1.272161217975302,8,256,merge,strict,43304744,All 13 momenta passed the 10/10 eigensolver gate with one frozen converged environment.,D:\1 - research\1.24 - Honeycomb_J1J2\hpc\rendered\2026-07-14_2105_bsc_J1J2p04_merge_D8chi256_TM_k0_pi12_pi_shared_env_tol1e6\pulled_remote\D8\TM_spectrum\trivial\spectrum_k0_pi12_pi.csv,/gpfs/projects/ehpc670/data/J1J2p_Honeycomb_merge(S=0.5,
0.5,0.0,0.0,trivial,1,0.425747943484933,8,256,merge,original-eigsolve,43368479,Fresh environment converged below 1e-6; original one-cycle Arnoldi semantics returned ten finite levels at every momentum.,D:\1 - research\1.24 - Honeycomb_J1J2\hpc\rendered\2026-07-16_1356_bsc_J1J2p05_merge_D8chi256_freshenv1e6_TM_orig_k0_pi12_pi\synced_final\D8\TM_spectrum\trivial\spectrum_k0_pi12_pi_orig_eig.csv,/gpfs/projects/ehpc670/data/J1J2p_Honeycomb_merge(S=0.5,
0.5,0.0,0.0,trivial,2,0.5127134485389279,8,256,merge,original-eigsolve,43368479,Fresh environment converged below 1e-6; original one-cycle Arnoldi semantics returned ten finite levels at every momentum.,D:\1 - research\1.24 - Honeycomb_J1J2\hpc\rendered\2026-07-16_1356_bsc_J1J2p05_merge_D8chi256_freshenv1e6_TM_orig_k0_pi12_pi\synced_final\D8\TM_spectrum\trivial\spectrum_k0_pi12_pi_orig_eig.csv,/gpfs/projects/ehpc670/data/J1J2p_Honeycomb_merge(S=0.5,
0.5,0.0,0.0,trivial,3,0.5304050312453777,8,256,merge,original-eigsolve,43368479,Fresh environment converged below 1e-6; original one-cycle Arnoldi semantics returned ten finite levels at every momentum.,D:\1 - research\1.24 - Honeycomb_J1J2\hpc\rendered\2026-07-16_1356_bsc_J1J2p05_merge_D8chi256_freshenv1e6_TM_orig_k0_pi12_pi\synced_final\D8\TM_spectrum\trivial\spectrum_k0_pi12_pi_orig_eig.csv,/gpfs/projects/ehpc670/data/J1J2p_Honeycomb_merge(S=0.5,
0.5,0.0,0.0,trivial,4,0.8417261647827295,8,256,merge,original-eigsolve,43368479,Fresh environment converged below 1e-6; original one-cycle Arnoldi semantics returned ten finite levels at every momentum.,D:\1 - research\1.24 - Honeycomb_J1J2\hpc\rendered\2026-07-16_1356_bsc_J1J2p05_merge_D8chi256_freshenv1e6_TM_orig_k0_pi12_pi\synced_final\D8\TM_spectrum\trivial\spectrum_k0_pi12_pi_orig_eig.csv,/gpfs/projects/ehpc670/data/J1J2p_Honeycomb_merge(S=0.5,
0.5,0.0,0.0,trivial,5,0.8918034774927859,8,256,merge,original-eigsolve,43368479,Fresh environment converged below 1e-6; original one-cycle Arnoldi semantics returned ten finite levels at every momentum.,D:\1 - research\1.24 - Honeycomb_J1J2\hpc\rendered\2026-07-16_1356_bsc_J1J2p05_merge_D8chi256_freshenv1e6_TM_orig_k0_pi12_pi\synced_final\D8\TM_spectrum\trivial\spectrum_k0_pi12_pi_orig_eig.csv,/gpfs/projects/ehpc670/data/J1J2p_Honeycomb_merge(S=0.5,
0.5,0.0,0.0,trivial,6,1.0271270250076878,8,256,merge,original-eigsolve,43368479,Fresh environment converged below 1e-6; original one-cycle Arnoldi semantics returned ten finite levels at every momentum.,D:\1 - research\1.24 - Honeycomb_J1J2\hpc\rendered\2026-07-16_1356_bsc_J1J2p05_merge_D8chi256_freshenv1e6_TM_orig_k0_pi12_pi\synced_final\D8\TM_spectrum\trivial\spectrum_k0_pi12_pi_orig_eig.csv,/gpfs/projects/ehpc670/data/J1J2p_Honeycomb_merge(S=0.5,
0.5,0.0,0.0,trivial,7,1.0271270250076878,8,256,merge,original-eigsolve,43368479,Fresh environment converged below 1e-6; original one-cycle Arnoldi semantics returned ten finite levels at every momentum.,D:\1 - research\1.24 - Honeycomb_J1J2\hpc\rendered\2026-07-16_1356_bsc_J1J2p05_merge_D8chi256_freshenv1e6_TM_orig_k0_pi12_pi\synced_final\D8\TM_spectrum\trivial\spectrum_k0_pi12_pi_orig_eig.csv,/gpfs/projects/ehpc670/data/J1J2p_Honeycomb_merge(S=0.5,
0.5,0.0,0.0,trivial,8,1.123304430486845,8,256,merge,original-eigsolve,43368479,Fresh environment converged below 1e-6; original one-cycle Arnoldi semantics returned ten finite levels at every momentum.,D:\1 - research\1.24 - Honeycomb_J1J2\hpc\rendered\2026-07-16_1356_bsc_J1J2p05_merge_D8chi256_freshenv1e6_TM_orig_k0_pi12_pi\synced_final\D8\TM_spectrum\trivial\spectrum_k0_pi12_pi_orig_eig.csv,/gpfs/projects/ehpc670/data/J1J2p_Honeycomb_merge(S=0.5,
0.5,0.0,0.0,trivial,9,1.123304430486845,8,256,merge,original-eigsolve,43368479,Fresh environment converged below 1e-6; original one-cycle Arnoldi semantics returned ten finite levels at every momentum.,D:\1 - research\1.24 - Honeycomb_J1J2\hpc\rendered\2026-07-16_1356_bsc_J1J2p05_merge_D8chi256_freshenv1e6_TM_orig_k0_pi12_pi\synced_final\D8\TM_spectrum\trivial\spectrum_k0_pi12_pi_orig_eig.csv,/gpfs/projects/ehpc670/data/J1J2p_Honeycomb_merge(S=0.5,
0.5,0.0,0.0,trivial,10,1.2370225571823672,8,256,merge,original-eigsolve,43368479,Fresh environment converged below 1e-6; original one-cycle Arnoldi semantics returned ten finite levels at every momentum.,D:\1 - research\1.24 - Honeycomb_J1J2\hpc\rendered\2026-07-16_1356_bsc_J1J2p05_merge_D8chi256_freshenv1e6_TM_orig_k0_pi12_pi\synced_final\D8\TM_spectrum\trivial\spectrum_k0_pi12_pi_orig_eig.csv,/gpfs/projects/ehpc670/data/J1J2p_Honeycomb_merge(S=0.5,
0.5,0.08333333333333333,0.2617993877991494,trivial,1,0.5522674697690625,8,256,merge,original-eigsolve,43368479,Fresh environment converged below 1e-6; original one-cycle Arnoldi semantics returned ten finite levels at every momentum.,D:\1 - research\1.24 - Honeycomb_J1J2\hpc\rendered\2026-07-16_1356_bsc_J1J2p05_merge_D8chi256_freshenv1e6_TM_orig_k0_pi12_pi\synced_final\D8\TM_spectrum\trivial\spectrum_k0_pi12_pi_orig_eig.csv,/gpfs/projects/ehpc670/data/J1J2p_Honeycomb_merge(S=0.5,
0.5,0.08333333333333333,0.2617993877991494,trivial,2,0.5831573380866459,8,256,merge,original-eigsolve,43368479,Fresh environment converged below 1e-6; original one-cycle Arnoldi semantics returned ten finite levels at every momentum.,D:\1 - research\1.24 - Honeycomb_J1J2\hpc\rendered\2026-07-16_1356_bsc_J1J2p05_merge_D8chi256_freshenv1e6_TM_orig_k0_pi12_pi\synced_final\D8\TM_spectrum\trivial\spectrum_k0_pi12_pi_orig_eig.csv,/gpfs/projects/ehpc670/data/J1J2p_Honeycomb_merge(S=0.5,
0.5,0.08333333333333333,0.2617993877991494,trivial,3,0.6700188580964757,8,256,merge,original-eigsolve,43368479,Fresh environment converged below 1e-6; original one-cycle Arnoldi semantics returned ten finite levels at every momentum.,D:\1 - research\1.24 - Honeycomb_J1J2\hpc\rendered\2026-07-16_1356_bsc_J1J2p05_merge_D8chi256_freshenv1e6_TM_orig_k0_pi12_pi\synced_final\D8\TM_spectrum\trivial\spectrum_k0_pi12_pi_orig_eig.csv,/gpfs/projects/ehpc670/data/J1J2p_Honeycomb_merge(S=0.5,
0.5,0.08333333333333333,0.2617993877991494,trivial,4,0.9148014349293332,8,256,merge,original-eigsolve,43368479,Fresh environment converged below 1e-6; original one-cycle Arnoldi semantics returned ten finite levels at every momentum.,D:\1 - research\1.24 - Honeycomb_J1J2\hpc\rendered\2026-07-16_1356_bsc_J1J2p05_merge_D8chi256_freshenv1e6_TM_orig_k0_pi12_pi\synced_final\D8\TM_spectrum\trivial\spectrum_k0_pi12_pi_orig_eig.csv,/gpfs/projects/ehpc670/data/J1J2p_Honeycomb_merge(S=0.5,
0.5,0.08333333333333333,0.2617993877991494,trivial,5,0.9515759818118792,8,256,merge,original-eigsolve,43368479,Fresh environment converged below 1e-6; original one-cycle Arnoldi semantics returned ten finite levels at every momentum.,D:\1 - research\1.24 - Honeycomb_J1J2\hpc\rendered\2026-07-16_1356_bsc_J1J2p05_merge_D8chi256_freshenv1e6_TM_orig_k0_pi12_pi\synced_final\D8\TM_spectrum\trivial\spectrum_k0_pi12_pi_orig_eig.csv,/gpfs/projects/ehpc670/data/J1J2p_Honeycomb_merge(S=0.5,
0.5,0.08333333333333333,0.2617993877991494,trivial,6,1.0330022984941694,8,256,merge,original-eigsolve,43368479,Fresh environment converged below 1e-6; original one-cycle Arnoldi semantics returned ten finite levels at every momentum.,D:\1 - research\1.24 - Honeycomb_J1J2\hpc\rendered\2026-07-16_1356_bsc_J1J2p05_merge_D8chi256_freshenv1e6_TM_orig_k0_pi12_pi\synced_final\D8\TM_spectrum\trivial\spectrum_k0_pi12_pi_orig_eig.csv,/gpfs/projects/ehpc670/data/J1J2p_Honeycomb_merge(S=0.5,
0.5,0.08333333333333333,0.2617993877991494,trivial,7,1.0406345992042871,8,256,merge,original-eigsolve,43368479,Fresh environment converged below 1e-6; original one-cycle Arnoldi semantics returned ten finite levels at every momentum.,D:\1 - research\1.24 - Honeycomb_J1J2\hpc\rendered\2026-07-16_1356_bsc_J1J2p05_merge_D8chi256_freshenv1e6_TM_orig_k0_pi12_pi\synced_final\D8\TM_spectrum\trivial\spectrum_k0_pi12_pi_orig_eig.csv,/gpfs/projects/ehpc670/data/J1J2p_Honeycomb_merge(S=0.5,
0.5,0.08333333333333333,0.2617993877991494,trivial,8,1.0928084429788971,8,256,merge,original-eigsolve,43368479,Fresh environment converged below 1e-6; original one-cycle Arnoldi semantics returned ten finite levels at every momentum.,D:\1 - research\1.24 - Honeycomb_J1J2\hpc\rendered\2026-07-16_1356_bsc_J1J2p05_merge_D8chi256_freshenv1e6_TM_orig_k0_pi12_pi\synced_final\D8\TM_spectrum\trivial\spectrum_k0_pi12_pi_orig_eig.csv,/gpfs/projects/ehpc670/data/J1J2p_Honeycomb_merge(S=0.5,
0.5,0.08333333333333333,0.2617993877991494,trivial,9,1.2209793204817816,8,256,merge,original-eigsolve,43368479,Fresh environment converged below 1e-6; original one-cycle Arnoldi semantics returned ten finite levels at every momentum.,D:\1 - research\1.24 - Honeycomb_J1J2\hpc\rendered\2026-07-16_1356_bsc_J1J2p05_merge_D8chi256_freshenv1e6_TM_orig_k0_pi12_pi\synced_final\D8\TM_spectrum\trivial\spectrum_k0_pi12_pi_orig_eig.csv,/gpfs/projects/ehpc670/data/J1J2p_Honeycomb_merge(S=0.5,
0.5,0.08333333333333333,0.2617993877991494,trivial,10,1.2463654337082997,8,256,merge,original-eigsolve,43368479,Fresh environment converged below 1e-6; original one-cycle Arnoldi semantics returned ten finite levels at every momentum.,D:\1 - research\1.24 - Honeycomb_J1J2\hpc\rendered\2026-07-16_1356_bsc_J1J2p05_merge_D8chi256_freshenv1e6_TM_orig_k0_pi12_pi\synced_final\D8\TM_spectrum\trivial\spectrum_k0_pi12_pi_orig_eig.csv,/gpfs/projects/ehpc670/data/J1J2p_Honeycomb_merge(S=0.5,
0.5,0.16666666666666666,0.5235987755982988,trivial,1,0.679885143697012,8,256,merge,original-eigsolve,43368479,Fresh environment converged below 1e-6; original one-cycle Arnoldi semantics returned ten finite levels at every momentum.,D:\1 - research\1.24 - Honeycomb_J1J2\hpc\rendered\2026-07-16_1356_bsc_J1J2p05_merge_D8chi256_freshenv1e6_TM_orig_k0_pi12_pi\synced_final\D8\TM_spectrum\trivial\spectrum_k0_pi12_pi_orig_eig.csv,/gpfs/projects/ehpc670/data/J1J2p_Honeycomb_merge(S=0.5,
0.5,0.16666666666666666,0.5235987755982988,trivial,2,0.7133870620456862,8,256,merge,original-eigsolve,43368479,Fresh environment converged below 1e-6; original one-cycle Arnoldi semantics returned ten finite levels at every momentum.,D:\1 - research\1.24 - Honeycomb_J1J2\hpc\rendered\2026-07-16_1356_bsc_J1J2p05_merge_D8chi256_freshenv1e6_TM_orig_k0_pi12_pi\synced_final\D8\TM_spectrum\trivial\spectrum_k0_pi12_pi_orig_eig.csv,/gpfs/projects/ehpc670/data/J1J2p_Honeycomb_merge(S=0.5,
0.5,0.16666666666666666,0.5235987755982988,trivial,3,0.7517345307091419,8,256,merge,original-eigsolve,43368479,Fresh environment converged below 1e-6; original one-cycle Arnoldi semantics returned ten finite levels at every momentum.,D:\1 - research\1.24 - Honeycomb_J1J2\hpc\rendered\2026-07-16_1356_bsc_J1J2p05_merge_D8chi256_freshenv1e6_TM_orig_k0_pi12_pi\synced_final\D8\TM_spectrum\trivial\spectrum_k0_pi12_pi_orig_eig.csv,/gpfs/projects/ehpc670/data/J1J2p_Honeycomb_merge(S=0.5,
0.5,0.16666666666666666,0.5235987755982988,trivial,4,0.9965558209913142,8,256,merge,original-eigsolve,43368479,Fresh environment converged below 1e-6; original one-cycle Arnoldi semantics returned ten finite levels at every momentum.,D:\1 - research\1.24 - Honeycomb_J1J2\hpc\rendered\2026-07-16_1356_bsc_J1J2p05_merge_D8chi256_freshenv1e6_TM_orig_k0_pi12_pi\synced_final\D8\TM_spectrum\trivial\spectrum_k0_pi12_pi_orig_eig.csv,/gpfs/projects/ehpc670/data/J1J2p_Honeycomb_merge(S=0.5,
0.5,0.16666666666666666,0.5235987755982988,trivial,5,1.0282306276229058,8,256,merge,original-eigsolve,43368479,Fresh environment converged below 1e-6; original one-cycle Arnoldi semantics returned ten finite levels at every momentum.,D:\1 - research\1.24 - Honeycomb_J1J2\hpc\rendered\2026-07-16_1356_bsc_J1J2p05_merge_D8chi256_freshenv1e6_TM_orig_k0_pi12_pi\synced_final\D8\TM_spectrum\trivial\spectrum_k0_pi12_pi_orig_eig.csv,/gpfs/projects/ehpc670/data/J1J2p_Honeycomb_merge(S=0.5,
0.5,0.16666666666666666,0.5235987755982988,trivial,6,1.0871650855041928,8,256,merge,original-eigsolve,43368479,Fresh environment converged below 1e-6; original one-cycle Arnoldi semantics returned ten finite levels at every momentum.,D:\1 - research\1.24 - Honeycomb_J1J2\hpc\rendered\2026-07-16_1356_bsc_J1J2p05_merge_D8chi256_freshenv1e6_TM_orig_k0_pi12_pi\synced_final\D8\TM_spectrum\trivial\spectrum_k0_pi12_pi_orig_eig.csv,/gpfs/projects/ehpc670/data/J1J2p_Honeycomb_merge(S=0.5,
0.5,0.16666666666666666,0.5235987755982988,trivial,7,1.1949097390261652,8,256,merge,original-eigsolve,43368479,Fresh environment converged below 1e-6; original one-cycle Arnoldi semantics returned ten finite levels at every momentum.,D:\1 - research\1.24 - Honeycomb_J1J2\hpc\rendered\2026-07-16_1356_bsc_J1J2p05_merge_D8chi256_freshenv1e6_TM_orig_k0_pi12_pi\synced_final\D8\TM_spectrum\trivial\spectrum_k0_pi12_pi_orig_eig.csv,/gpfs/projects/ehpc670/data/J1J2p_Honeycomb_merge(S=0.5,
0.5,0.16666666666666666,0.5235987755982988,trivial,8,1.207423436776935,8,256,merge,original-eigsolve,43368479,Fresh environment converged below 1e-6; original one-cycle Arnoldi semantics returned ten finite levels at every momentum.,D:\1 - research\1.24 - Honeycomb_J1J2\hpc\rendered\2026-07-16_1356_bsc_J1J2p05_merge_D8chi256_freshenv1e6_TM_orig_k0_pi12_pi\synced_final\D8\TM_spectrum\trivial\spectrum_k0_pi12_pi_orig_eig.csv,/gpfs/projects/ehpc670/data/J1J2p_Honeycomb_merge(S=0.5,
0.5,0.16666666666666666,0.5235987755982988,trivial,9,1.3120545157447903,8,256,merge,original-eigsolve,43368479,Fresh environment converged below 1e-6; original one-cycle Arnoldi semantics returned ten finite levels at every momentum.,D:\1 - research\1.24 - Honeycomb_J1J2\hpc\rendered\2026-07-16_1356_bsc_J1J2p05_merge_D8chi256_freshenv1e6_TM_orig_k0_pi12_pi\synced_final\D8\TM_spectrum\trivial\spectrum_k0_pi12_pi_orig_eig.csv,/gpfs/projects/ehpc670/data/J1J2p_Honeycomb_merge(S=0.5,
0.5,0.16666666666666666,0.5235987755982988,trivial,10,1.3230331063947853,8,256,merge,original-eigsolve,43368479,Fresh environment converged below 1e-6; original one-cycle Arnoldi semantics returned ten finite levels at every momentum.,D:\1 - research\1.24 - Honeycomb_J1J2\hpc\rendered\2026-07-16_1356_bsc_J1J2p05_merge_D8chi256_freshenv1e6_TM_orig_k0_pi12_pi\synced_final\D8\TM_spectrum\trivial\spectrum_k0_pi12_pi_orig_eig.csv,/gpfs/projects/ehpc670/data/J1J2p_Honeycomb_merge(S=0.5,
0.5,0.25,0.7853981633974483,trivial,1,0.8011418538800895,8,256,merge,original-eigsolve,43368479,Fresh environment converged below 1e-6; original one-cycle Arnoldi semantics returned ten finite levels at every momentum.,D:\1 - research\1.24 - Honeycomb_J1J2\hpc\rendered\2026-07-16_1356_bsc_J1J2p05_merge_D8chi256_freshenv1e6_TM_orig_k0_pi12_pi\synced_final\D8\TM_spectrum\trivial\spectrum_k0_pi12_pi_orig_eig.csv,/gpfs/projects/ehpc670/data/J1J2p_Honeycomb_merge(S=0.5,
0.5,0.25,0.7853981633974483,trivial,2,0.8115161957081797,8,256,merge,original-eigsolve,43368479,Fresh environment converged below 1e-6; original one-cycle Arnoldi semantics returned ten finite levels at every momentum.,D:\1 - research\1.24 - Honeycomb_J1J2\hpc\rendered\2026-07-16_1356_bsc_J1J2p05_merge_D8chi256_freshenv1e6_TM_orig_k0_pi12_pi\synced_final\D8\TM_spectrum\trivial\spectrum_k0_pi12_pi_orig_eig.csv,/gpfs/projects/ehpc670/data/J1J2p_Honeycomb_merge(S=0.5,
0.5,0.25,0.7853981633974483,trivial,3,0.8327721859362598,8,256,merge,original-eigsolve,43368479,Fresh environment converged below 1e-6; original one-cycle Arnoldi semantics returned ten finite levels at every momentum.,D:\1 - research\1.24 - Honeycomb_J1J2\hpc\rendered\2026-07-16_1356_bsc_J1J2p05_merge_D8chi256_freshenv1e6_TM_orig_k0_pi12_pi\synced_final\D8\TM_spectrum\trivial\spectrum_k0_pi12_pi_orig_eig.csv,/gpfs/projects/ehpc670/data/J1J2p_Honeycomb_merge(S=0.5,
0.5,0.25,0.7853981633974483,trivial,4,1.0799755543460214,8,256,merge,original-eigsolve,43368479,Fresh environment converged below 1e-6; original one-cycle Arnoldi semantics returned ten finite levels at every momentum.,D:\1 - research\1.24 - Honeycomb_J1J2\hpc\rendered\2026-07-16_1356_bsc_J1J2p05_merge_D8chi256_freshenv1e6_TM_orig_k0_pi12_pi\synced_final\D8\TM_spectrum\trivial\spectrum_k0_pi12_pi_orig_eig.csv,/gpfs/projects/ehpc670/data/J1J2p_Honeycomb_merge(S=0.5,
0.5,0.25,0.7853981633974483,trivial,5,1.1560829446783736,8,256,merge,original-eigsolve,43368479,Fresh environment converged below 1e-6; original one-cycle Arnoldi semantics returned ten finite levels at every momentum.,D:\1 - research\1.24 - Honeycomb_J1J2\hpc\rendered\2026-07-16_1356_bsc_J1J2p05_merge_D8chi256_freshenv1e6_TM_orig_k0_pi12_pi\synced_final\D8\TM_spectrum\trivial\spectrum_k0_pi12_pi_orig_eig.csv,/gpfs/projects/ehpc670/data/J1J2p_Honeycomb_merge(S=0.5,
0.5,0.25,0.7853981633974483,trivial,6,1.1624212927979956,8,256,merge,original-eigsolve,43368479,Fresh environment converged below 1e-6; original one-cycle Arnoldi semantics returned ten finite levels at every momentum.,D:\1 - research\1.24 - Honeycomb_J1J2\hpc\rendered\2026-07-16_1356_bsc_J1J2p05_merge_D8chi256_freshenv1e6_TM_orig_k0_pi12_pi\synced_final\D8\TM_spectrum\trivial\spectrum_k0_pi12_pi_orig_eig.csv,/gpfs/projects/ehpc670/data/J1J2p_Honeycomb_merge(S=0.5,
0.5,0.25,0.7853981633974483,trivial,7,1.2466809944558224,8,256,merge,original-eigsolve,43368479,Fresh environment converged below 1e-6; original one-cycle Arnoldi semantics returned ten finite levels at every momentum.,D:\1 - research\1.24 - Honeycomb_J1J2\hpc\rendered\2026-07-16_1356_bsc_J1J2p05_merge_D8chi256_freshenv1e6_TM_orig_k0_pi12_pi\synced_final\D8\TM_spectrum\trivial\spectrum_k0_pi12_pi_orig_eig.csv,/gpfs/projects/ehpc670/data/J1J2p_Honeycomb_merge(S=0.5,
0.5,0.25,0.7853981633974483,trivial,8,1.3655620365768764,8,256,merge,original-eigsolve,43368479,Fresh environment converged below 1e-6; original one-cycle Arnoldi semantics returned ten finite levels at every momentum.,D:\1 - research\1.24 - Honeycomb_J1J2\hpc\rendered\2026-07-16_1356_bsc_J1J2p05_merge_D8chi256_freshenv1e6_TM_orig_k0_pi12_pi\synced_final\D8\TM_spectrum\trivial\spectrum_k0_pi12_pi_orig_eig.csv,/gpfs/projects/ehpc670/data/J1J2p_Honeycomb_merge(S=0.5,
0.5,0.25,0.7853981633974483,trivial,9,1.370123106643237,8,256,merge,original-eigsolve,43368479,Fresh environment converged below 1e-6; original one-cycle Arnoldi semantics returned ten finite levels at every momentum.,D:\1 - research\1.24 - Honeycomb_J1J2\hpc\rendered\2026-07-16_1356_bsc_J1J2p05_merge_D8chi256_freshenv1e6_TM_orig_k0_pi12_pi\synced_final\D8\TM_spectrum\trivial\spectrum_k0_pi12_pi_orig_eig.csv,/gpfs/projects/ehpc670/data/J1J2p_Honeycomb_merge(S=0.5,
0.5,0.25,0.7853981633974483,trivial,10,1.395485066534643,8,256,merge,original-eigsolve,43368479,Fresh environment converged below 1e-6; original one-cycle Arnoldi semantics returned ten finite levels at every momentum.,D:\1 - research\1.24 - Honeycomb_J1J2\hpc\rendered\2026-07-16_1356_bsc_J1J2p05_merge_D8chi256_freshenv1e6_TM_orig_k0_pi12_pi\synced_final\D8\TM_spectrum\trivial\spectrum_k0_pi12_pi_orig_eig.csv,/gpfs/projects/ehpc670/data/J1J2p_Honeycomb_merge(S=0.5,
0.5,0.3333333333333333,1.0471975511965976,trivial,1,0.8636205749337651,8,256,merge,original-eigsolve,43368479,Fresh environment converged below 1e-6; original one-cycle Arnoldi semantics returned ten finite levels at every momentum.,D:\1 - research\1.24 - Honeycomb_J1J2\hpc\rendered\2026-07-16_1356_bsc_J1J2p05_merge_D8chi256_freshenv1e6_TM_orig_k0_pi12_pi\synced_final\D8\TM_spectrum\trivial\spectrum_k0_pi12_pi_orig_eig.csv,/gpfs/projects/ehpc670/data/J1J2p_Honeycomb_merge(S=0.5,
0.5,0.3333333333333333,1.0471975511965976,trivial,2,0.8673160440302787,8,256,merge,original-eigsolve,43368479,Fresh environment converged below 1e-6; original one-cycle Arnoldi semantics returned ten finite levels at every momentum.,D:\1 - research\1.24 - Honeycomb_J1J2\hpc\rendered\2026-07-16_1356_bsc_J1J2p05_merge_D8chi256_freshenv1e6_TM_orig_k0_pi12_pi\synced_final\D8\TM_spectrum\trivial\spectrum_k0_pi12_pi_orig_eig.csv,/gpfs/projects/ehpc670/data/J1J2p_Honeycomb_merge(S=0.5,
0.5,0.3333333333333333,1.0471975511965976,trivial,3,0.8735131242031473,8,256,merge,original-eigsolve,43368479,Fresh environment converged below 1e-6; original one-cycle Arnoldi semantics returned ten finite levels at every momentum.,D:\1 - research\1.24 - Honeycomb_J1J2\hpc\rendered\2026-07-16_1356_bsc_J1J2p05_merge_D8chi256_freshenv1e6_TM_orig_k0_pi12_pi\synced_final\D8\TM_spectrum\trivial\spectrum_k0_pi12_pi_orig_eig.csv,/gpfs/projects/ehpc670/data/J1J2p_Honeycomb_merge(S=0.5,
0.5,0.3333333333333333,1.0471975511965976,trivial,4,1.138074586388199,8,256,merge,original-eigsolve,43368479,Fresh environment converged below 1e-6; original one-cycle Arnoldi semantics returned ten finite levels at every momentum.,D:\1 - research\1.24 - Honeycomb_J1J2\hpc\rendered\2026-07-16_1356_bsc_J1J2p05_merge_D8chi256_freshenv1e6_TM_orig_k0_pi12_pi\synced_final\D8\TM_spectrum\trivial\spectrum_k0_pi12_pi_orig_eig.csv,/gpfs/projects/ehpc670/data/J1J2p_Honeycomb_merge(S=0.5,
0.5,0.3333333333333333,1.0471975511965976,trivial,5,1.173494081642589,8,256,merge,original-eigsolve,43368479,Fresh environment converged below 1e-6; original one-cycle Arnoldi semantics returned ten finite levels at every momentum.,D:\1 - research\1.24 - Honeycomb_J1J2\hpc\rendered\2026-07-16_1356_bsc_J1J2p05_merge_D8chi256_freshenv1e6_TM_orig_k0_pi12_pi\synced_final\D8\TM_spectrum\trivial\spectrum_k0_pi12_pi_orig_eig.csv,/gpfs/projects/ehpc670/data/J1J2p_Honeycomb_merge(S=0.5,
0.5,0.3333333333333333,1.0471975511965976,trivial,6,1.1780366811793685,8,256,merge,original-eigsolve,43368479,Fresh environment converged below 1e-6; original one-cycle Arnoldi semantics returned ten finite levels at every momentum.,D:\1 - research\1.24 - Honeycomb_J1J2\hpc\rendered\2026-07-16_1356_bsc_J1J2p05_merge_D8chi256_freshenv1e6_TM_orig_k0_pi12_pi\synced_final\D8\TM_spectrum\trivial\spectrum_k0_pi12_pi_orig_eig.csv,/gpfs/projects/ehpc670/data/J1J2p_Honeycomb_merge(S=0.5,
0.5,0.3333333333333333,1.0471975511965976,trivial,7,1.2248645495037576,8,256,merge,original-eigsolve,43368479,Fresh environment converged below 1e-6; original one-cycle Arnoldi semantics returned ten finite levels at every momentum.,D:\1 - research\1.24 - Honeycomb_J1J2\hpc\rendered\2026-07-16_1356_bsc_J1J2p05_merge_D8chi256_freshenv1e6_TM_orig_k0_pi12_pi\synced_final\D8\TM_spectrum\trivial\spectrum_k0_pi12_pi_orig_eig.csv,/gpfs/projects/ehpc670/data/J1J2p_Honeycomb_merge(S=0.5,
0.5,0.3333333333333333,1.0471975511965976,trivial,8,1.3659189221603834,8,256,merge,original-eigsolve,43368479,Fresh environment converged below 1e-6; original one-cycle Arnoldi semantics returned ten finite levels at every momentum.,D:\1 - research\1.24 - Honeycomb_J1J2\hpc\rendered\2026-07-16_1356_bsc_J1J2p05_merge_D8chi256_freshenv1e6_TM_orig_k0_pi12_pi\synced_final\D8\TM_spectrum\trivial\spectrum_k0_pi12_pi_orig_eig.csv,/gpfs/projects/ehpc670/data/J1J2p_Honeycomb_merge(S=0.5,
0.5,0.3333333333333333,1.0471975511965976,trivial,9,1.3787624862644186,8,256,merge,original-eigsolve,43368479,Fresh environment converged below 1e-6; original one-cycle Arnoldi semantics returned ten finite levels at every momentum.,D:\1 - research\1.24 - Honeycomb_J1J2\hpc\rendered\2026-07-16_1356_bsc_J1J2p05_merge_D8chi256_freshenv1e6_TM_orig_k0_pi12_pi\synced_final\D8\TM_spectrum\trivial\spectrum_k0_pi12_pi_orig_eig.csv,/gpfs/projects/ehpc670/data/J1J2p_Honeycomb_merge(S=0.5,
0.5,0.3333333333333333,1.0471975511965976,trivial,10,1.4229618280957939,8,256,merge,original-eigsolve,43368479,Fresh environment converged below 1e-6; original one-cycle Arnoldi semantics returned ten finite levels at every momentum.,D:\1 - research\1.24 - Honeycomb_J1J2\hpc\rendered\2026-07-16_1356_bsc_J1J2p05_merge_D8chi256_freshenv1e6_TM_orig_k0_pi12_pi\synced_final\D8\TM_spectrum\trivial\spectrum_k0_pi12_pi_orig_eig.csv,/gpfs/projects/ehpc670/data/J1J2p_Honeycomb_merge(S=0.5,
0.5,0.4166666666666667,1.3089969389957472,trivial,1,0.8891515573440464,8,256,merge,original-eigsolve,43368479,Fresh environment converged below 1e-6; original one-cycle Arnoldi semantics returned ten finite levels at every momentum.,D:\1 - research\1.24 - Honeycomb_J1J2\hpc\rendered\2026-07-16_1356_bsc_J1J2p05_merge_D8chi256_freshenv1e6_TM_orig_k0_pi12_pi\synced_final\D8\TM_spectrum\trivial\spectrum_k0_pi12_pi_orig_eig.csv,/gpfs/projects/ehpc670/data/J1J2p_Honeycomb_merge(S=0.5,
0.5,0.4166666666666667,1.3089969389957472,trivial,2,0.8955316193698624,8,256,merge,original-eigsolve,43368479,Fresh environment converged below 1e-6; original one-cycle Arnoldi semantics returned ten finite levels at every momentum.,D:\1 - research\1.24 - Honeycomb_J1J2\hpc\rendered\2026-07-16_1356_bsc_J1J2p05_merge_D8chi256_freshenv1e6_TM_orig_k0_pi12_pi\synced_final\D8\TM_spectrum\trivial\spectrum_k0_pi12_pi_orig_eig.csv,/gpfs/projects/ehpc670/data/J1J2p_Honeycomb_merge(S=0.5,
0.5,0.4166666666666667,1.3089969389957472,trivial,3,0.8955417649148675,8,256,merge,original-eigsolve,43368479,Fresh environment converged below 1e-6; original one-cycle Arnoldi semantics returned ten finite levels at every momentum.,D:\1 - research\1.24 - Honeycomb_J1J2\hpc\rendered\2026-07-16_1356_bsc_J1J2p05_merge_D8chi256_freshenv1e6_TM_orig_k0_pi12_pi\synced_final\D8\TM_spectrum\trivial\spectrum_k0_pi12_pi_orig_eig.csv,/gpfs/projects/ehpc670/data/J1J2p_Honeycomb_merge(S=0.5,
0.5,0.4166666666666667,1.3089969389957472,trivial,4,1.113316115256318,8,256,merge,original-eigsolve,43368479,Fresh environment converged below 1e-6; original one-cycle Arnoldi semantics returned ten finite levels at every momentum.,D:\1 - research\1.24 - Honeycomb_J1J2\hpc\rendered\2026-07-16_1356_bsc_J1J2p05_merge_D8chi256_freshenv1e6_TM_orig_k0_pi12_pi\synced_final\D8\TM_spectrum\trivial\spectrum_k0_pi12_pi_orig_eig.csv,/gpfs/projects/ehpc670/data/J1J2p_Honeycomb_merge(S=0.5,
0.5,0.4166666666666667,1.3089969389957472,trivial,5,1.1858394810272734,8,256,merge,original-eigsolve,43368479,Fresh environment converged below 1e-6; original one-cycle Arnoldi semantics returned ten finite levels at every momentum.,D:\1 - research\1.24 - Honeycomb_J1J2\hpc\rendered\2026-07-16_1356_bsc_J1J2p05_merge_D8chi256_freshenv1e6_TM_orig_k0_pi12_pi\synced_final\D8\TM_spectrum\trivial\spectrum_k0_pi12_pi_orig_eig.csv,/gpfs/projects/ehpc670/data/J1J2p_Honeycomb_merge(S=0.5,
0.5,0.4166666666666667,1.3089969389957472,trivial,6,1.2291245738160947,8,256,merge,original-eigsolve,43368479,Fresh environment converged below 1e-6; original one-cycle Arnoldi semantics returned ten finite levels at every momentum.,D:\1 - research\1.24 - Honeycomb_J1J2\hpc\rendered\2026-07-16_1356_bsc_J1J2p05_merge_D8chi256_freshenv1e6_TM_orig_k0_pi12_pi\synced_final\D8\TM_spectrum\trivial\spectrum_k0_pi12_pi_orig_eig.csv,/gpfs/projects/ehpc670/data/J1J2p_Honeycomb_merge(S=0.5,
0.5,0.4166666666666667,1.3089969389957472,trivial,7,1.271393613665091,8,256,merge,original-eigsolve,43368479,Fresh environment converged below 1e-6; original one-cycle Arnoldi semantics returned ten finite levels at every momentum.,D:\1 - research\1.24 - Honeycomb_J1J2\hpc\rendered\2026-07-16_1356_bsc_J1J2p05_merge_D8chi256_freshenv1e6_TM_orig_k0_pi12_pi\synced_final\D8\TM_spectrum\trivial\spectrum_k0_pi12_pi_orig_eig.csv,/gpfs/projects/ehpc670/data/J1J2p_Honeycomb_merge(S=0.5,
0.5,0.4166666666666667,1.3089969389957472,trivial,8,1.2842404345361635,8,256,merge,original-eigsolve,43368479,Fresh environment converged below 1e-6; original one-cycle Arnoldi semantics returned ten finite levels at every momentum.,D:\1 - research\1.24 - Honeycomb_J1J2\hpc\rendered\2026-07-16_1356_bsc_J1J2p05_merge_D8chi256_freshenv1e6_TM_orig_k0_pi12_pi\synced_final\D8\TM_spectrum\trivial\spectrum_k0_pi12_pi_orig_eig.csv,/gpfs/projects/ehpc670/data/J1J2p_Honeycomb_merge(S=0.5,
0.5,0.4166666666666667,1.3089969389957472,trivial,9,1.350631252872084,8,256,merge,original-eigsolve,43368479,Fresh environment converged below 1e-6; original one-cycle Arnoldi semantics returned ten finite levels at every momentum.,D:\1 - research\1.24 - Honeycomb_J1J2\hpc\rendered\2026-07-16_1356_bsc_J1J2p05_merge_D8chi256_freshenv1e6_TM_orig_k0_pi12_pi\synced_final\D8\TM_spectrum\trivial\spectrum_k0_pi12_pi_orig_eig.csv,/gpfs/projects/ehpc670/data/J1J2p_Honeycomb_merge(S=0.5,
0.5,0.4166666666666667,1.3089969389957472,trivial,10,1.3976239433129138,8,256,merge,original-eigsolve,43368479,Fresh environment converged below 1e-6; original one-cycle Arnoldi semantics returned ten finite levels at every momentum.,D:\1 - research\1.24 - Honeycomb_J1J2\hpc\rendered\2026-07-16_1356_bsc_J1J2p05_merge_D8chi256_freshenv1e6_TM_orig_k0_pi12_pi\synced_final\D8\TM_spectrum\trivial\spectrum_k0_pi12_pi_orig_eig.csv,/gpfs/projects/ehpc670/data/J1J2p_Honeycomb_merge(S=0.5,
0.5,0.5,1.5707963267948966,trivial,1,0.8170515574948638,8,256,merge,original-eigsolve,43368479,Fresh environment converged below 1e-6; original one-cycle Arnoldi semantics returned ten finite levels at every momentum.,D:\1 - research\1.24 - Honeycomb_J1J2\hpc\rendered\2026-07-16_1356_bsc_J1J2p05_merge_D8chi256_freshenv1e6_TM_orig_k0_pi12_pi\synced_final\D8\TM_spectrum\trivial\spectrum_k0_pi12_pi_orig_eig.csv,/gpfs/projects/ehpc670/data/J1J2p_Honeycomb_merge(S=0.5,
0.5,0.5,1.5707963267948966,trivial,2,0.8938442192179068,8,256,merge,original-eigsolve,43368479,Fresh environment converged below 1e-6; original one-cycle Arnoldi semantics returned ten finite levels at every momentum.,D:\1 - research\1.24 - Honeycomb_J1J2\hpc\rendered\2026-07-16_1356_bsc_J1J2p05_merge_D8chi256_freshenv1e6_TM_orig_k0_pi12_pi\synced_final\D8\TM_spectrum\trivial\spectrum_k0_pi12_pi_orig_eig.csv,/gpfs/projects/ehpc670/data/J1J2p_Honeycomb_merge(S=0.5,
0.5,0.5,1.5707963267948966,trivial,3,0.9038097399707459,8,256,merge,original-eigsolve,43368479,Fresh environment converged below 1e-6; original one-cycle Arnoldi semantics returned ten finite levels at every momentum.,D:\1 - research\1.24 - Honeycomb_J1J2\hpc\rendered\2026-07-16_1356_bsc_J1J2p05_merge_D8chi256_freshenv1e6_TM_orig_k0_pi12_pi\synced_final\D8\TM_spectrum\trivial\spectrum_k0_pi12_pi_orig_eig.csv,/gpfs/projects/ehpc670/data/J1J2p_Honeycomb_merge(S=0.5,
0.5,0.5,1.5707963267948966,trivial,4,0.9144738774846262,8,256,merge,original-eigsolve,43368479,Fresh environment converged below 1e-6; original one-cycle Arnoldi semantics returned ten finite levels at every momentum.,D:\1 - research\1.24 - Honeycomb_J1J2\hpc\rendered\2026-07-16_1356_bsc_J1J2p05_merge_D8chi256_freshenv1e6_TM_orig_k0_pi12_pi\synced_final\D8\TM_spectrum\trivial\spectrum_k0_pi12_pi_orig_eig.csv,/gpfs/projects/ehpc670/data/J1J2p_Honeycomb_merge(S=0.5,
0.5,0.5,1.5707963267948966,trivial,5,1.0627725262626053,8,256,merge,original-eigsolve,43368479,Fresh environment converged below 1e-6; original one-cycle Arnoldi semantics returned ten finite levels at every momentum.,D:\1 - research\1.24 - Honeycomb_J1J2\hpc\rendered\2026-07-16_1356_bsc_J1J2p05_merge_D8chi256_freshenv1e6_TM_orig_k0_pi12_pi\synced_final\D8\TM_spectrum\trivial\spectrum_k0_pi12_pi_orig_eig.csv,/gpfs/projects/ehpc670/data/J1J2p_Honeycomb_merge(S=0.5,
0.5,0.5,1.5707963267948966,trivial,6,1.1225065653380233,8,256,merge,original-eigsolve,43368479,Fresh environment converged below 1e-6; original one-cycle Arnoldi semantics returned ten finite levels at every momentum.,D:\1 - research\1.24 - Honeycomb_J1J2\hpc\rendered\2026-07-16_1356_bsc_J1J2p05_merge_D8chi256_freshenv1e6_TM_orig_k0_pi12_pi\synced_final\D8\TM_spectrum\trivial\spectrum_k0_pi12_pi_orig_eig.csv,/gpfs/projects/ehpc670/data/J1J2p_Honeycomb_merge(S=0.5,
0.5,0.5,1.5707963267948966,trivial,7,1.1512014783778293,8,256,merge,original-eigsolve,43368479,Fresh environment converged below 1e-6; original one-cycle Arnoldi semantics returned ten finite levels at every momentum.,D:\1 - research\1.24 - Honeycomb_J1J2\hpc\rendered\2026-07-16_1356_bsc_J1J2p05_merge_D8chi256_freshenv1e6_TM_orig_k0_pi12_pi\synced_final\D8\TM_spectrum\trivial\spectrum_k0_pi12_pi_orig_eig.csv,/gpfs/projects/ehpc670/data/J1J2p_Honeycomb_merge(S=0.5,
0.5,0.5,1.5707963267948966,trivial,8,1.2111538586986,8,256,merge,original-eigsolve,43368479,Fresh environment converged below 1e-6; original one-cycle Arnoldi semantics returned ten finite levels at every momentum.,D:\1 - research\1.24 - Honeycomb_J1J2\hpc\rendered\2026-07-16_1356_bsc_J1J2p05_merge_D8chi256_freshenv1e6_TM_orig_k0_pi12_pi\synced_final\D8\TM_spectrum\trivial\spectrum_k0_pi12_pi_orig_eig.csv,/gpfs/projects/ehpc670/data/J1J2p_Honeycomb_merge(S=0.5,
0.5,0.5,1.5707963267948966,trivial,9,1.2478869197672056,8,256,merge,original-eigsolve,43368479,Fresh environment converged below 1e-6; original one-cycle Arnoldi semantics returned ten finite levels at every momentum.,D:\1 - research\1.24 - Honeycomb_J1J2\hpc\rendered\2026-07-16_1356_bsc_J1J2p05_merge_D8chi256_freshenv1e6_TM_orig_k0_pi12_pi\synced_final\D8\TM_spectrum\trivial\spectrum_k0_pi12_pi_orig_eig.csv,/gpfs/projects/ehpc670/data/J1J2p_Honeycomb_merge(S=0.5,
0.5,0.5,1.5707963267948966,trivial,10,1.2857053561759195,8,256,merge,original-eigsolve,43368479,Fresh environment converged below 1e-6; original one-cycle Arnoldi semantics returned ten finite levels at every momentum.,D:\1 - research\1.24 - Honeycomb_J1J2\hpc\rendered\2026-07-16_1356_bsc_J1J2p05_merge_D8chi256_freshenv1e6_TM_orig_k0_pi12_pi\synced_final\D8\TM_spectrum\trivial\spectrum_k0_pi12_pi_orig_eig.csv,/gpfs/projects/ehpc670/data/J1J2p_Honeycomb_merge(S=0.5,
0.5,0.5833333333333334,1.8325957145940461,trivial,1,0.5512050432109704,8,256,merge,original-eigsolve,43368479,Fresh environment converged below 1e-6; original one-cycle Arnoldi semantics returned ten finite levels at every momentum.,D:\1 - research\1.24 - Honeycomb_J1J2\hpc\rendered\2026-07-16_1356_bsc_J1J2p05_merge_D8chi256_freshenv1e6_TM_orig_k0_pi12_pi\synced_final\D8\TM_spectrum\trivial\spectrum_k0_pi12_pi_orig_eig.csv,/gpfs/projects/ehpc670/data/J1J2p_Honeycomb_merge(S=0.5,
0.5,0.5833333333333334,1.8325957145940461,trivial,2,0.8581716861528923,8,256,merge,original-eigsolve,43368479,Fresh environment converged below 1e-6; original one-cycle Arnoldi semantics returned ten finite levels at every momentum.,D:\1 - research\1.24 - Honeycomb_J1J2\hpc\rendered\2026-07-16_1356_bsc_J1J2p05_merge_D8chi256_freshenv1e6_TM_orig_k0_pi12_pi\synced_final\D8\TM_spectrum\trivial\spectrum_k0_pi12_pi_orig_eig.csv,/gpfs/projects/ehpc670/data/J1J2p_Honeycomb_merge(S=0.5,
0.5,0.5833333333333334,1.8325957145940461,trivial,3,0.8737059085922363,8,256,merge,original-eigsolve,43368479,Fresh environment converged below 1e-6; original one-cycle Arnoldi semantics returned ten finite levels at every momentum.,D:\1 - research\1.24 - Honeycomb_J1J2\hpc\rendered\2026-07-16_1356_bsc_J1J2p05_merge_D8chi256_freshenv1e6_TM_orig_k0_pi12_pi\synced_final\D8\TM_spectrum\trivial\spectrum_k0_pi12_pi_orig_eig.csv,/gpfs/projects/ehpc670/data/J1J2p_Honeycomb_merge(S=0.5,
0.5,0.5833333333333334,1.8325957145940461,trivial,4,0.8820189249176645,8,256,merge,original-eigsolve,43368479,Fresh environment converged below 1e-6; original one-cycle Arnoldi semantics returned ten finite levels at every momentum.,D:\1 - research\1.24 - Honeycomb_J1J2\hpc\rendered\2026-07-16_1356_bsc_J1J2p05_merge_D8chi256_freshenv1e6_TM_orig_k0_pi12_pi\synced_final\D8\TM_spectrum\trivial\spectrum_k0_pi12_pi_orig_eig.csv,/gpfs/projects/ehpc670/data/J1J2p_Honeycomb_merge(S=0.5,
0.5,0.5833333333333334,1.8325957145940461,trivial,5,0.9129266221777512,8,256,merge,original-eigsolve,43368479,Fresh environment converged below 1e-6; original one-cycle Arnoldi semantics returned ten finite levels at every momentum.,D:\1 - research\1.24 - Honeycomb_J1J2\hpc\rendered\2026-07-16_1356_bsc_J1J2p05_merge_D8chi256_freshenv1e6_TM_orig_k0_pi12_pi\synced_final\D8\TM_spectrum\trivial\spectrum_k0_pi12_pi_orig_eig.csv,/gpfs/projects/ehpc670/data/J1J2p_Honeycomb_merge(S=0.5,
0.5,0.5833333333333334,1.8325957145940461,trivial,6,0.9239786330742902,8,256,merge,original-eigsolve,43368479,Fresh environment converged below 1e-6; original one-cycle Arnoldi semantics returned ten finite levels at every momentum.,D:\1 - research\1.24 - Honeycomb_J1J2\hpc\rendered\2026-07-16_1356_bsc_J1J2p05_merge_D8chi256_freshenv1e6_TM_orig_k0_pi12_pi\synced_final\D8\TM_spectrum\trivial\spectrum_k0_pi12_pi_orig_eig.csv,/gpfs/projects/ehpc670/data/J1J2p_Honeycomb_merge(S=0.5,
0.5,0.5833333333333334,1.8325957145940461,trivial,7,1.0421874862730396,8,256,merge,original-eigsolve,43368479,Fresh environment converged below 1e-6; original one-cycle Arnoldi semantics returned ten finite levels at every momentum.,D:\1 - research\1.24 - Honeycomb_J1J2\hpc\rendered\2026-07-16_1356_bsc_J1J2p05_merge_D8chi256_freshenv1e6_TM_orig_k0_pi12_pi\synced_final\D8\TM_spectrum\trivial\spectrum_k0_pi12_pi_orig_eig.csv,/gpfs/projects/ehpc670/data/J1J2p_Honeycomb_merge(S=0.5,
0.5,0.5833333333333334,1.8325957145940461,trivial,8,1.1801387824218346,8,256,merge,original-eigsolve,43368479,Fresh environment converged below 1e-6; original one-cycle Arnoldi semantics returned ten finite levels at every momentum.,D:\1 - research\1.24 - Honeycomb_J1J2\hpc\rendered\2026-07-16_1356_bsc_J1J2p05_merge_D8chi256_freshenv1e6_TM_orig_k0_pi12_pi\synced_final\D8\TM_spectrum\trivial\spectrum_k0_pi12_pi_orig_eig.csv,/gpfs/projects/ehpc670/data/J1J2p_Honeycomb_merge(S=0.5,
0.5,0.5833333333333334,1.8325957145940461,trivial,9,1.2305793368517473,8,256,merge,original-eigsolve,43368479,Fresh environment converged below 1e-6; original one-cycle Arnoldi semantics returned ten finite levels at every momentum.,D:\1 - research\1.24 - Honeycomb_J1J2\hpc\rendered\2026-07-16_1356_bsc_J1J2p05_merge_D8chi256_freshenv1e6_TM_orig_k0_pi12_pi\synced_final\D8\TM_spectrum\trivial\spectrum_k0_pi12_pi_orig_eig.csv,/gpfs/projects/ehpc670/data/J1J2p_Honeycomb_merge(S=0.5,
0.5,0.5833333333333334,1.8325957145940461,trivial,10,1.2506480134978262,8,256,merge,original-eigsolve,43368479,Fresh environment converged below 1e-6; original one-cycle Arnoldi semantics returned ten finite levels at every momentum.,D:\1 - research\1.24 - Honeycomb_J1J2\hpc\rendered\2026-07-16_1356_bsc_J1J2p05_merge_D8chi256_freshenv1e6_TM_orig_k0_pi12_pi\synced_final\D8\TM_spectrum\trivial\spectrum_k0_pi12_pi_orig_eig.csv,/gpfs/projects/ehpc670/data/J1J2p_Honeycomb_merge(S=0.5,
0.5,0.6666666666666666,2.0943951023931953,trivial,1,0.4406039117050558,8,256,merge,original-eigsolve,43368479,Fresh environment converged below 1e-6; original one-cycle Arnoldi semantics returned ten finite levels at every momentum.,D:\1 - research\1.24 - Honeycomb_J1J2\hpc\rendered\2026-07-16_1356_bsc_J1J2p05_merge_D8chi256_freshenv1e6_TM_orig_k0_pi12_pi\synced_final\D8\TM_spectrum\trivial\spectrum_k0_pi12_pi_orig_eig.csv,/gpfs/projects/ehpc670/data/J1J2p_Honeycomb_merge(S=0.5,
0.5,0.6666666666666666,2.0943951023931953,trivial,2,0.7389976044375243,8,256,merge,original-eigsolve,43368479,Fresh environment converged below 1e-6; original one-cycle Arnoldi semantics returned ten finite levels at every momentum.,D:\1 - research\1.24 - Honeycomb_J1J2\hpc\rendered\2026-07-16_1356_bsc_J1J2p05_merge_D8chi256_freshenv1e6_TM_orig_k0_pi12_pi\synced_final\D8\TM_spectrum\trivial\spectrum_k0_pi12_pi_orig_eig.csv,/gpfs/projects/ehpc670/data/J1J2p_Honeycomb_merge(S=0.5,
0.5,0.6666666666666666,2.0943951023931953,trivial,3,0.7497966053840807,8,256,merge,original-eigsolve,43368479,Fresh environment converged below 1e-6; original one-cycle Arnoldi semantics returned ten finite levels at every momentum.,D:\1 - research\1.24 - Honeycomb_J1J2\hpc\rendered\2026-07-16_1356_bsc_J1J2p05_merge_D8chi256_freshenv1e6_TM_orig_k0_pi12_pi\synced_final\D8\TM_spectrum\trivial\spectrum_k0_pi12_pi_orig_eig.csv,/gpfs/projects/ehpc670/data/J1J2p_Honeycomb_merge(S=0.5,
0.5,0.6666666666666666,2.0943951023931953,trivial,4,0.8692063739923773,8,256,merge,original-eigsolve,43368479,Fresh environment converged below 1e-6; original one-cycle Arnoldi semantics returned ten finite levels at every momentum.,D:\1 - research\1.24 - Honeycomb_J1J2\hpc\rendered\2026-07-16_1356_bsc_J1J2p05_merge_D8chi256_freshenv1e6_TM_orig_k0_pi12_pi\synced_final\D8\TM_spectrum\trivial\spectrum_k0_pi12_pi_orig_eig.csv,/gpfs/projects/ehpc670/data/J1J2p_Honeycomb_merge(S=0.5,
0.5,0.6666666666666666,2.0943951023931953,trivial,5,0.9148182531242697,8,256,merge,original-eigsolve,43368479,Fresh environment converged below 1e-6; original one-cycle Arnoldi semantics returned ten finite levels at every momentum.,D:\1 - research\1.24 - Honeycomb_J1J2\hpc\rendered\2026-07-16_1356_bsc_J1J2p05_merge_D8chi256_freshenv1e6_TM_orig_k0_pi12_pi\synced_final\D8\TM_spectrum\trivial\spectrum_k0_pi12_pi_orig_eig.csv,/gpfs/projects/ehpc670/data/J1J2p_Honeycomb_merge(S=0.5,
0.5,0.6666666666666666,2.0943951023931953,trivial,6,0.9251452295388354,8,256,merge,original-eigsolve,43368479,Fresh environment converged below 1e-6; original one-cycle Arnoldi semantics returned ten finite levels at every momentum.,D:\1 - research\1.24 - Honeycomb_J1J2\hpc\rendered\2026-07-16_1356_bsc_J1J2p05_merge_D8chi256_freshenv1e6_TM_orig_k0_pi12_pi\synced_final\D8\TM_spectrum\trivial\spectrum_k0_pi12_pi_orig_eig.csv,/gpfs/projects/ehpc670/data/J1J2p_Honeycomb_merge(S=0.5,
0.5,0.6666666666666666,2.0943951023931953,trivial,7,1.0652743995755363,8,256,merge,original-eigsolve,43368479,Fresh environment converged below 1e-6; original one-cycle Arnoldi semantics returned ten finite levels at every momentum.,D:\1 - research\1.24 - Honeycomb_J1J2\hpc\rendered\2026-07-16_1356_bsc_J1J2p05_merge_D8chi256_freshenv1e6_TM_orig_k0_pi12_pi\synced_final\D8\TM_spectrum\trivial\spectrum_k0_pi12_pi_orig_eig.csv,/gpfs/projects/ehpc670/data/J1J2p_Honeycomb_merge(S=0.5,
0.5,0.6666666666666666,2.0943951023931953,trivial,8,1.115070789657448,8,256,merge,original-eigsolve,43368479,Fresh environment converged below 1e-6; original one-cycle Arnoldi semantics returned ten finite levels at every momentum.,D:\1 - research\1.24 - Honeycomb_J1J2\hpc\rendered\2026-07-16_1356_bsc_J1J2p05_merge_D8chi256_freshenv1e6_TM_orig_k0_pi12_pi\synced_final\D8\TM_spectrum\trivial\spectrum_k0_pi12_pi_orig_eig.csv,/gpfs/projects/ehpc670/data/J1J2p_Honeycomb_merge(S=0.5,
0.5,0.6666666666666666,2.0943951023931953,trivial,9,1.1632601150516215,8,256,merge,original-eigsolve,43368479,Fresh environment converged below 1e-6; original one-cycle Arnoldi semantics returned ten finite levels at every momentum.,D:\1 - research\1.24 - Honeycomb_J1J2\hpc\rendered\2026-07-16_1356_bsc_J1J2p05_merge_D8chi256_freshenv1e6_TM_orig_k0_pi12_pi\synced_final\D8\TM_spectrum\trivial\spectrum_k0_pi12_pi_orig_eig.csv,/gpfs/projects/ehpc670/data/J1J2p_Honeycomb_merge(S=0.5,
0.5,0.6666666666666666,2.0943951023931953,trivial,10,1.22821770202392,8,256,merge,original-eigsolve,43368479,Fresh environment converged below 1e-6; original one-cycle Arnoldi semantics returned ten finite levels at every momentum.,D:\1 - research\1.24 - Honeycomb_J1J2\hpc\rendered\2026-07-16_1356_bsc_J1J2p05_merge_D8chi256_freshenv1e6_TM_orig_k0_pi12_pi\synced_final\D8\TM_spectrum\trivial\spectrum_k0_pi12_pi_orig_eig.csv,/gpfs/projects/ehpc670/data/J1J2p_Honeycomb_merge(S=0.5,
0.5,0.75,2.356194490192345,trivial,1,0.43365431275491984,8,256,merge,original-eigsolve,43368479,Fresh environment converged below 1e-6; original one-cycle Arnoldi semantics returned ten finite levels at every momentum.,D:\1 - research\1.24 - Honeycomb_J1J2\hpc\rendered\2026-07-16_1356_bsc_J1J2p05_merge_D8chi256_freshenv1e6_TM_orig_k0_pi12_pi\synced_final\D8\TM_spectrum\trivial\spectrum_k0_pi12_pi_orig_eig.csv,/gpfs/projects/ehpc670/data/J1J2p_Honeycomb_merge(S=0.5,
0.5,0.75,2.356194490192345,trivial,2,0.7128444542196093,8,256,merge,original-eigsolve,43368479,Fresh environment converged below 1e-6; original one-cycle Arnoldi semantics returned ten finite levels at every momentum.,D:\1 - research\1.24 - Honeycomb_J1J2\hpc\rendered\2026-07-16_1356_bsc_J1J2p05_merge_D8chi256_freshenv1e6_TM_orig_k0_pi12_pi\synced_final\D8\TM_spectrum\trivial\spectrum_k0_pi12_pi_orig_eig.csv,/gpfs/projects/ehpc670/data/J1J2p_Honeycomb_merge(S=0.5,
0.5,0.75,2.356194490192345,trivial,3,0.7418010509097307,8,256,merge,original-eigsolve,43368479,Fresh environment converged below 1e-6; original one-cycle Arnoldi semantics returned ten finite levels at every momentum.,D:\1 - research\1.24 - Honeycomb_J1J2\hpc\rendered\2026-07-16_1356_bsc_J1J2p05_merge_D8chi256_freshenv1e6_TM_orig_k0_pi12_pi\synced_final\D8\TM_spectrum\trivial\spectrum_k0_pi12_pi_orig_eig.csv,/gpfs/projects/ehpc670/data/J1J2p_Honeycomb_merge(S=0.5,
0.5,0.75,2.356194490192345,trivial,4,0.8472743383922692,8,256,merge,original-eigsolve,43368479,Fresh environment converged below 1e-6; original one-cycle Arnoldi semantics returned ten finite levels at every momentum.,D:\1 - research\1.24 - Honeycomb_J1J2\hpc\rendered\2026-07-16_1356_bsc_J1J2p05_merge_D8chi256_freshenv1e6_TM_orig_k0_pi12_pi\synced_final\D8\TM_spectrum\trivial\spectrum_k0_pi12_pi_orig_eig.csv,/gpfs/projects/ehpc670/data/J1J2p_Honeycomb_merge(S=0.5,
0.5,0.75,2.356194490192345,trivial,5,0.907845727654468,8,256,merge,original-eigsolve,43368479,Fresh environment converged below 1e-6; original one-cycle Arnoldi semantics returned ten finite levels at every momentum.,D:\1 - research\1.24 - Honeycomb_J1J2\hpc\rendered\2026-07-16_1356_bsc_J1J2p05_merge_D8chi256_freshenv1e6_TM_orig_k0_pi12_pi\synced_final\D8\TM_spectrum\trivial\spectrum_k0_pi12_pi_orig_eig.csv,/gpfs/projects/ehpc670/data/J1J2p_Honeycomb_merge(S=0.5,
0.5,0.75,2.356194490192345,trivial,6,0.9211458790783212,8,256,merge,original-eigsolve,43368479,Fresh environment converged below 1e-6; original one-cycle Arnoldi semantics returned ten finite levels at every momentum.,D:\1 - research\1.24 - Honeycomb_J1J2\hpc\rendered\2026-07-16_1356_bsc_J1J2p05_merge_D8chi256_freshenv1e6_TM_orig_k0_pi12_pi\synced_final\D8\TM_spectrum\trivial\spectrum_k0_pi12_pi_orig_eig.csv,/gpfs/projects/ehpc670/data/J1J2p_Honeycomb_merge(S=0.5,
0.5,0.75,2.356194490192345,trivial,7,1.0811077104244013,8,256,merge,original-eigsolve,43368479,Fresh environment converged below 1e-6; original one-cycle Arnoldi semantics returned ten finite levels at every momentum.,D:\1 - research\1.24 - Honeycomb_J1J2\hpc\rendered\2026-07-16_1356_bsc_J1J2p05_merge_D8chi256_freshenv1e6_TM_orig_k0_pi12_pi\synced_final\D8\TM_spectrum\trivial\spectrum_k0_pi12_pi_orig_eig.csv,/gpfs/projects/ehpc670/data/J1J2p_Honeycomb_merge(S=0.5,
0.5,0.75,2.356194490192345,trivial,8,1.1293105300560529,8,256,merge,original-eigsolve,43368479,Fresh environment converged below 1e-6; original one-cycle Arnoldi semantics returned ten finite levels at every momentum.,D:\1 - research\1.24 - Honeycomb_J1J2\hpc\rendered\2026-07-16_1356_bsc_J1J2p05_merge_D8chi256_freshenv1e6_TM_orig_k0_pi12_pi\synced_final\D8\TM_spectrum\trivial\spectrum_k0_pi12_pi_orig_eig.csv,/gpfs/projects/ehpc670/data/J1J2p_Honeycomb_merge(S=0.5,
0.5,0.75,2.356194490192345,trivial,9,1.168090233298887,8,256,merge,original-eigsolve,43368479,Fresh environment converged below 1e-6; original one-cycle Arnoldi semantics returned ten finite levels at every momentum.,D:\1 - research\1.24 - Honeycomb_J1J2\hpc\rendered\2026-07-16_1356_bsc_J1J2p05_merge_D8chi256_freshenv1e6_TM_orig_k0_pi12_pi\synced_final\D8\TM_spectrum\trivial\spectrum_k0_pi12_pi_orig_eig.csv,/gpfs/projects/ehpc670/data/J1J2p_Honeycomb_merge(S=0.5,
0.5,0.75,2.356194490192345,trivial,10,1.2253630499150148,8,256,merge,original-eigsolve,43368479,Fresh environment converged below 1e-6; original one-cycle Arnoldi semantics returned ten finite levels at every momentum.,D:\1 - research\1.24 - Honeycomb_J1J2\hpc\rendered\2026-07-16_1356_bsc_J1J2p05_merge_D8chi256_freshenv1e6_TM_orig_k0_pi12_pi\synced_final\D8\TM_spectrum\trivial\spectrum_k0_pi12_pi_orig_eig.csv,/gpfs/projects/ehpc670/data/J1J2p_Honeycomb_merge(S=0.5,
0.5,0.8333333333333334,2.6179938779914944,trivial,1,0.5141631390158283,8,256,merge,original-eigsolve,43368479,Fresh environment converged below 1e-6; original one-cycle Arnoldi semantics returned ten finite levels at every momentum.,D:\1 - research\1.24 - Honeycomb_J1J2\hpc\rendered\2026-07-16_1356_bsc_J1J2p05_merge_D8chi256_freshenv1e6_TM_orig_k0_pi12_pi\synced_final\D8\TM_spectrum\trivial\spectrum_k0_pi12_pi_orig_eig.csv,/gpfs/projects/ehpc670/data/J1J2p_Honeycomb_merge(S=0.5,
0.5,0.8333333333333334,2.6179938779914944,trivial,2,0.7425861880924286,8,256,merge,original-eigsolve,43368479,Fresh environment converged below 1e-6; original one-cycle Arnoldi semantics returned ten finite levels at every momentum.,D:\1 - research\1.24 - Honeycomb_J1J2\hpc\rendered\2026-07-16_1356_bsc_J1J2p05_merge_D8chi256_freshenv1e6_TM_orig_k0_pi12_pi\synced_final\D8\TM_spectrum\trivial\spectrum_k0_pi12_pi_orig_eig.csv,/gpfs/projects/ehpc670/data/J1J2p_Honeycomb_merge(S=0.5,
0.5,0.8333333333333334,2.6179938779914944,trivial,3,0.7940943347486776,8,256,merge,original-eigsolve,43368479,Fresh environment converged below 1e-6; original one-cycle Arnoldi semantics returned ten finite levels at every momentum.,D:\1 - research\1.24 - Honeycomb_J1J2\hpc\rendered\2026-07-16_1356_bsc_J1J2p05_merge_D8chi256_freshenv1e6_TM_orig_k0_pi12_pi\synced_final\D8\TM_spectrum\trivial\spectrum_k0_pi12_pi_orig_eig.csv,/gpfs/projects/ehpc670/data/J1J2p_Honeycomb_merge(S=0.5,
0.5,0.8333333333333334,2.6179938779914944,trivial,4,0.8045470273795324,8,256,merge,original-eigsolve,43368479,Fresh environment converged below 1e-6; original one-cycle Arnoldi semantics returned ten finite levels at every momentum.,D:\1 - research\1.24 - Honeycomb_J1J2\hpc\rendered\2026-07-16_1356_bsc_J1J2p05_merge_D8chi256_freshenv1e6_TM_orig_k0_pi12_pi\synced_final\D8\TM_spectrum\trivial\spectrum_k0_pi12_pi_orig_eig.csv,/gpfs/projects/ehpc670/data/J1J2p_Honeycomb_merge(S=0.5,
0.5,0.8333333333333334,2.6179938779914944,trivial,5,0.889640779349259,8,256,merge,original-eigsolve,43368479,Fresh environment converged below 1e-6; original one-cycle Arnoldi semantics returned ten finite levels at every momentum.,D:\1 - research\1.24 - Honeycomb_J1J2\hpc\rendered\2026-07-16_1356_bsc_J1J2p05_merge_D8chi256_freshenv1e6_TM_orig_k0_pi12_pi\synced_final\D8\TM_spectrum\trivial\spectrum_k0_pi12_pi_orig_eig.csv,/gpfs/projects/ehpc670/data/J1J2p_Honeycomb_merge(S=0.5,
0.5,0.8333333333333334,2.6179938779914944,trivial,6,0.9132409038452656,8,256,merge,original-eigsolve,43368479,Fresh environment converged below 1e-6; original one-cycle Arnoldi semantics returned ten finite levels at every momentum.,D:\1 - research\1.24 - Honeycomb_J1J2\hpc\rendered\2026-07-16_1356_bsc_J1J2p05_merge_D8chi256_freshenv1e6_TM_orig_k0_pi12_pi\synced_final\D8\TM_spectrum\trivial\spectrum_k0_pi12_pi_orig_eig.csv,/gpfs/projects/ehpc670/data/J1J2p_Honeycomb_merge(S=0.5,
0.5,0.8333333333333334,2.6179938779914944,trivial,7,1.1028334954759054,8,256,merge,original-eigsolve,43368479,Fresh environment converged below 1e-6; original one-cycle Arnoldi semantics returned ten finite levels at every momentum.,D:\1 - research\1.24 - Honeycomb_J1J2\hpc\rendered\2026-07-16_1356_bsc_J1J2p05_merge_D8chi256_freshenv1e6_TM_orig_k0_pi12_pi\synced_final\D8\TM_spectrum\trivial\spectrum_k0_pi12_pi_orig_eig.csv,/gpfs/projects/ehpc670/data/J1J2p_Honeycomb_merge(S=0.5,
0.5,0.8333333333333334,2.6179938779914944,trivial,8,1.1563989808533488,8,256,merge,original-eigsolve,43368479,Fresh environment converged below 1e-6; original one-cycle Arnoldi semantics returned ten finite levels at every momentum.,D:\1 - research\1.24 - Honeycomb_J1J2\hpc\rendered\2026-07-16_1356_bsc_J1J2p05_merge_D8chi256_freshenv1e6_TM_orig_k0_pi12_pi\synced_final\D8\TM_spectrum\trivial\spectrum_k0_pi12_pi_orig_eig.csv,/gpfs/projects/ehpc670/data/J1J2p_Honeycomb_merge(S=0.5,
0.5,0.8333333333333334,2.6179938779914944,trivial,9,1.210803837967449,8,256,merge,original-eigsolve,43368479,Fresh environment converged below 1e-6; original one-cycle Arnoldi semantics returned ten finite levels at every momentum.,D:\1 - research\1.24 - Honeycomb_J1J2\hpc\rendered\2026-07-16_1356_bsc_J1J2p05_merge_D8chi256_freshenv1e6_TM_orig_k0_pi12_pi\synced_final\D8\TM_spectrum\trivial\spectrum_k0_pi12_pi_orig_eig.csv,/gpfs/projects/ehpc670/data/J1J2p_Honeycomb_merge(S=0.5,
0.5,0.8333333333333334,2.6179938779914944,trivial,10,1.2231783039752362,8,256,merge,original-eigsolve,43368479,Fresh environment converged below 1e-6; original one-cycle Arnoldi semantics returned ten finite levels at every momentum.,D:\1 - research\1.24 - Honeycomb_J1J2\hpc\rendered\2026-07-16_1356_bsc_J1J2p05_merge_D8chi256_freshenv1e6_TM_orig_k0_pi12_pi\synced_final\D8\TM_spectrum\trivial\spectrum_k0_pi12_pi_orig_eig.csv,/gpfs/projects/ehpc670/data/J1J2p_Honeycomb_merge(S=0.5,
0.5,0.9166666666666666,2.8797932657906435,trivial,1,0.6589845849228769,8,256,merge,original-eigsolve,43368479,Fresh environment converged below 1e-6; original one-cycle Arnoldi semantics returned ten finite levels at every momentum.,D:\1 - research\1.24 - Honeycomb_J1J2\hpc\rendered\2026-07-16_1356_bsc_J1J2p05_merge_D8chi256_freshenv1e6_TM_orig_k0_pi12_pi\synced_final\D8\TM_spectrum\trivial\spectrum_k0_pi12_pi_orig_eig.csv,/gpfs/projects/ehpc670/data/J1J2p_Honeycomb_merge(S=0.5,
0.5,0.9166666666666666,2.8797932657906435,trivial,2,0.7351995119023232,8,256,merge,original-eigsolve,43368479,Fresh environment converged below 1e-6; original one-cycle Arnoldi semantics returned ten finite levels at every momentum.,D:\1 - research\1.24 - Honeycomb_J1J2\hpc\rendered\2026-07-16_1356_bsc_J1J2p05_merge_D8chi256_freshenv1e6_TM_orig_k0_pi12_pi\synced_final\D8\TM_spectrum\trivial\spectrum_k0_pi12_pi_orig_eig.csv,/gpfs/projects/ehpc670/data/J1J2p_Honeycomb_merge(S=0.5,
0.5,0.9166666666666666,2.8797932657906435,trivial,3,0.7972772592449292,8,256,merge,original-eigsolve,43368479,Fresh environment converged below 1e-6; original one-cycle Arnoldi semantics returned ten finite levels at every momentum.,D:\1 - research\1.24 - Honeycomb_J1J2\hpc\rendered\2026-07-16_1356_bsc_J1J2p05_merge_D8chi256_freshenv1e6_TM_orig_k0_pi12_pi\synced_final\D8\TM_spectrum\trivial\spectrum_k0_pi12_pi_orig_eig.csv,/gpfs/projects/ehpc670/data/J1J2p_Honeycomb_merge(S=0.5,
0.5,0.9166666666666666,2.8797932657906435,trivial,4,0.8530457573545315,8,256,merge,original-eigsolve,43368479,Fresh environment converged below 1e-6; original one-cycle Arnoldi semantics returned ten finite levels at every momentum.,D:\1 - research\1.24 - Honeycomb_J1J2\hpc\rendered\2026-07-16_1356_bsc_J1J2p05_merge_D8chi256_freshenv1e6_TM_orig_k0_pi12_pi\synced_final\D8\TM_spectrum\trivial\spectrum_k0_pi12_pi_orig_eig.csv,/gpfs/projects/ehpc670/data/J1J2p_Honeycomb_merge(S=0.5,
0.5,0.9166666666666666,2.8797932657906435,trivial,5,0.8772241816901425,8,256,merge,original-eigsolve,43368479,Fresh environment converged below 1e-6; original one-cycle Arnoldi semantics returned ten finite levels at every momentum.,D:\1 - research\1.24 - Honeycomb_J1J2\hpc\rendered\2026-07-16_1356_bsc_J1J2p05_merge_D8chi256_freshenv1e6_TM_orig_k0_pi12_pi\synced_final\D8\TM_spectrum\trivial\spectrum_k0_pi12_pi_orig_eig.csv,/gpfs/projects/ehpc670/data/J1J2p_Honeycomb_merge(S=0.5,
0.5,0.9166666666666666,2.8797932657906435,trivial,6,0.9058201372844751,8,256,merge,original-eigsolve,43368479,Fresh environment converged below 1e-6; original one-cycle Arnoldi semantics returned ten finite levels at every momentum.,D:\1 - research\1.24 - Honeycomb_J1J2\hpc\rendered\2026-07-16_1356_bsc_J1J2p05_merge_D8chi256_freshenv1e6_TM_orig_k0_pi12_pi\synced_final\D8\TM_spectrum\trivial\spectrum_k0_pi12_pi_orig_eig.csv,/gpfs/projects/ehpc670/data/J1J2p_Honeycomb_merge(S=0.5,
0.5,0.9166666666666666,2.8797932657906435,trivial,7,1.1282774475459088,8,256,merge,original-eigsolve,43368479,Fresh environment converged below 1e-6; original one-cycle Arnoldi semantics returned ten finite levels at every momentum.,D:\1 - research\1.24 - Honeycomb_J1J2\hpc\rendered\2026-07-16_1356_bsc_J1J2p05_merge_D8chi256_freshenv1e6_TM_orig_k0_pi12_pi\synced_final\D8\TM_spectrum\trivial\spectrum_k0_pi12_pi_orig_eig.csv,/gpfs/projects/ehpc670/data/J1J2p_Honeycomb_merge(S=0.5,
0.5,0.9166666666666666,2.8797932657906435,trivial,8,1.1514406090715785,8,256,merge,original-eigsolve,43368479,Fresh environment converged below 1e-6; original one-cycle Arnoldi semantics returned ten finite levels at every momentum.,D:\1 - research\1.24 - Honeycomb_J1J2\hpc\rendered\2026-07-16_1356_bsc_J1J2p05_merge_D8chi256_freshenv1e6_TM_orig_k0_pi12_pi\synced_final\D8\TM_spectrum\trivial\spectrum_k0_pi12_pi_orig_eig.csv,/gpfs/projects/ehpc670/data/J1J2p_Honeycomb_merge(S=0.5,
0.5,0.9166666666666666,2.8797932657906435,trivial,9,1.1845429998488113,8,256,merge,original-eigsolve,43368479,Fresh environment converged below 1e-6; original one-cycle Arnoldi semantics returned ten finite levels at every momentum.,D:\1 - research\1.24 - Honeycomb_J1J2\hpc\rendered\2026-07-16_1356_bsc_J1J2p05_merge_D8chi256_freshenv1e6_TM_orig_k0_pi12_pi\synced_final\D8\TM_spectrum\trivial\spectrum_k0_pi12_pi_orig_eig.csv,/gpfs/projects/ehpc670/data/J1J2p_Honeycomb_merge(S=0.5,
0.5,0.9166666666666666,2.8797932657906435,trivial,10,1.2093315342398978,8,256,merge,original-eigsolve,43368479,Fresh environment converged below 1e-6; original one-cycle Arnoldi semantics returned ten finite levels at every momentum.,D:\1 - research\1.24 - Honeycomb_J1J2\hpc\rendered\2026-07-16_1356_bsc_J1J2p05_merge_D8chi256_freshenv1e6_TM_orig_k0_pi12_pi\synced_final\D8\TM_spectrum\trivial\spectrum_k0_pi12_pi_orig_eig.csv,/gpfs/projects/ehpc670/data/J1J2p_Honeycomb_merge(S=0.5,
0.5,1.0,3.141592653589793,trivial,1,0.5785513029403756,8,256,merge,original-eigsolve,43368479,Fresh environment converged below 1e-6; original one-cycle Arnoldi semantics returned ten finite levels at every momentum.,D:\1 - research\1.24 - Honeycomb_J1J2\hpc\rendered\2026-07-16_1356_bsc_J1J2p05_merge_D8chi256_freshenv1e6_TM_orig_k0_pi12_pi\synced_final\D8\TM_spectrum\trivial\spectrum_k0_pi12_pi_orig_eig.csv,/gpfs/projects/ehpc670/data/J1J2p_Honeycomb_merge(S=0.5,
0.5,1.0,3.141592653589793,trivial,2,0.5785513029403756,8,256,merge,original-eigsolve,43368479,Fresh environment converged below 1e-6; original one-cycle Arnoldi semantics returned ten finite levels at every momentum.,D:\1 - research\1.24 - Honeycomb_J1J2\hpc\rendered\2026-07-16_1356_bsc_J1J2p05_merge_D8chi256_freshenv1e6_TM_orig_k0_pi12_pi\synced_final\D8\TM_spectrum\trivial\spectrum_k0_pi12_pi_orig_eig.csv,/gpfs/projects/ehpc670/data/J1J2p_Honeycomb_merge(S=0.5,
0.5,1.0,3.141592653589793,trivial,3,0.7820767574397149,8,256,merge,original-eigsolve,43368479,Fresh environment converged below 1e-6; original one-cycle Arnoldi semantics returned ten finite levels at every momentum.,D:\1 - research\1.24 - Honeycomb_J1J2\hpc\rendered\2026-07-16_1356_bsc_J1J2p05_merge_D8chi256_freshenv1e6_TM_orig_k0_pi12_pi\synced_final\D8\TM_spectrum\trivial\spectrum_k0_pi12_pi_orig_eig.csv,/gpfs/projects/ehpc670/data/J1J2p_Honeycomb_merge(S=0.5,
0.5,1.0,3.141592653589793,trivial,4,0.7820767574397149,8,256,merge,original-eigsolve,43368479,Fresh environment converged below 1e-6; original one-cycle Arnoldi semantics returned ten finite levels at every momentum.,D:\1 - research\1.24 - Honeycomb_J1J2\hpc\rendered\2026-07-16_1356_bsc_J1J2p05_merge_D8chi256_freshenv1e6_TM_orig_k0_pi12_pi\synced_final\D8\TM_spectrum\trivial\spectrum_k0_pi12_pi_orig_eig.csv,/gpfs/projects/ehpc670/data/J1J2p_Honeycomb_merge(S=0.5,
0.5,1.0,3.141592653589793,trivial,5,0.9827250164760983,8,256,merge,original-eigsolve,43368479,Fresh environment converged below 1e-6; original one-cycle Arnoldi semantics returned ten finite levels at every momentum.,D:\1 - research\1.24 - Honeycomb_J1J2\hpc\rendered\2026-07-16_1356_bsc_J1J2p05_merge_D8chi256_freshenv1e6_TM_orig_k0_pi12_pi\synced_final\D8\TM_spectrum\trivial\spectrum_k0_pi12_pi_orig_eig.csv,/gpfs/projects/ehpc670/data/J1J2p_Honeycomb_merge(S=0.5,
0.5,1.0,3.141592653589793,trivial,6,0.9827250164760983,8,256,merge,original-eigsolve,43368479,Fresh environment converged below 1e-6; original one-cycle Arnoldi semantics returned ten finite levels at every momentum.,D:\1 - research\1.24 - Honeycomb_J1J2\hpc\rendered\2026-07-16_1356_bsc_J1J2p05_merge_D8chi256_freshenv1e6_TM_orig_k0_pi12_pi\synced_final\D8\TM_spectrum\trivial\spectrum_k0_pi12_pi_orig_eig.csv,/gpfs/projects/ehpc670/data/J1J2p_Honeycomb_merge(S=0.5,
0.5,1.0,3.141592653589793,trivial,7,1.0404005431187917,8,256,merge,original-eigsolve,43368479,Fresh environment converged below 1e-6; original one-cycle Arnoldi semantics returned ten finite levels at every momentum.,D:\1 - research\1.24 - Honeycomb_J1J2\hpc\rendered\2026-07-16_1356_bsc_J1J2p05_merge_D8chi256_freshenv1e6_TM_orig_k0_pi12_pi\synced_final\D8\TM_spectrum\trivial\spectrum_k0_pi12_pi_orig_eig.csv,/gpfs/projects/ehpc670/data/J1J2p_Honeycomb_merge(S=0.5,
0.5,1.0,3.141592653589793,trivial,8,1.0404005431187917,8,256,merge,original-eigsolve,43368479,Fresh environment converged below 1e-6; original one-cycle Arnoldi semantics returned ten finite levels at every momentum.,D:\1 - research\1.24 - Honeycomb_J1J2\hpc\rendered\2026-07-16_1356_bsc_J1J2p05_merge_D8chi256_freshenv1e6_TM_orig_k0_pi12_pi\synced_final\D8\TM_spectrum\trivial\spectrum_k0_pi12_pi_orig_eig.csv,/gpfs/projects/ehpc670/data/J1J2p_Honeycomb_merge(S=0.5,
0.5,1.0,3.141592653589793,trivial,9,1.1934401265023258,8,256,merge,original-eigsolve,43368479,Fresh environment converged below 1e-6; original one-cycle Arnoldi semantics returned ten finite levels at every momentum.,D:\1 - research\1.24 - Honeycomb_J1J2\hpc\rendered\2026-07-16_1356_bsc_J1J2p05_merge_D8chi256_freshenv1e6_TM_orig_k0_pi12_pi\synced_final\D8\TM_spectrum\trivial\spectrum_k0_pi12_pi_orig_eig.csv,/gpfs/projects/ehpc670/data/J1J2p_Honeycomb_merge(S=0.5,
0.5,1.0,3.141592653589793,trivial,10,1.1934401265023258,8,256,merge,original-eigsolve,43368479,Fresh environment converged below 1e-6; original one-cycle Arnoldi semantics returned ten finite levels at every momentum.,D:\1 - research\1.24 - Honeycomb_J1J2\hpc\rendered\2026-07-16_1356_bsc_J1J2p05_merge_D8chi256_freshenv1e6_TM_orig_k0_pi12_pi\synced_final\D8\TM_spectrum\trivial\spectrum_k0_pi12_pi_orig_eig.csv,/gpfs/projects/ehpc670/data/J1J2p_Honeycomb_merge(S=0.5,
0.6,0.0,0.0,trivial,1,0.704461758054754,8,256,merge,original-eigsolve,43470110,Production validation passed for 13 momenta and 130 finite levels using Julia one-cycle Arnoldi semantics.,D:\1 - research\1.24 - Honeycomb_J1J2\hpc\rendered\2026-07-18_102434_bsc_J1J2p06_merge_D8chi256_TM_JuliaEig_production\synced_final\D8\TM_spectrum\trivial\spectrum_k0_pi12_pi.csv,,eb7588bfc3a5dafd70e9f1714054ef3dfb2c8de60f49047a1d09fe95ebee254c
0.6,0.0,0.0,trivial,2,0.717975199168073,8,256,merge,original-eigsolve,43470110,Production validation passed for 13 momenta and 130 finite levels using Julia one-cycle Arnoldi semantics.,D:\1 - research\1.24 - Honeycomb_J1J2\hpc\rendered\2026-07-18_102434_bsc_J1J2p06_merge_D8chi256_TM_JuliaEig_production\synced_final\D8\TM_spectrum\trivial\spectrum_k0_pi12_pi.csv,,eb7588bfc3a5dafd70e9f1714054ef3dfb2c8de60f49047a1d09fe95ebee254c
0.6,0.0,0.0,trivial,3,0.717975199168073,8,256,merge,original-eigsolve,43470110,Production validation passed for 13 momenta and 130 finite levels using Julia one-cycle Arnoldi semantics.,D:\1 - research\1.24 - Honeycomb_J1J2\hpc\rendered\2026-07-18_102434_bsc_J1J2p06_merge_D8chi256_TM_JuliaEig_production\synced_final\D8\TM_spectrum\trivial\spectrum_k0_pi12_pi.csv,,eb7588bfc3a5dafd70e9f1714054ef3dfb2c8de60f49047a1d09fe95ebee254c
0.6,0.0,0.0,trivial,4,0.975330831835439,8,256,merge,original-eigsolve,43470110,Production validation passed for 13 momenta and 130 finite levels using Julia one-cycle Arnoldi semantics.,D:\1 - research\1.24 - Honeycomb_J1J2\hpc\rendered\2026-07-18_102434_bsc_J1J2p06_merge_D8chi256_TM_JuliaEig_production\synced_final\D8\TM_spectrum\trivial\spectrum_k0_pi12_pi.csv,,eb7588bfc3a5dafd70e9f1714054ef3dfb2c8de60f49047a1d09fe95ebee254c
0.6,0.0,0.0,trivial,5,1.054722165277706,8,256,merge,original-eigsolve,43470110,Production validation passed for 13 momenta and 130 finite levels using Julia one-cycle Arnoldi semantics.,D:\1 - research\1.24 - Honeycomb_J1J2\hpc\rendered\2026-07-18_102434_bsc_J1J2p06_merge_D8chi256_TM_JuliaEig_production\synced_final\D8\TM_spectrum\trivial\spectrum_k0_pi12_pi.csv,,eb7588bfc3a5dafd70e9f1714054ef3dfb2c8de60f49047a1d09fe95ebee254c
0.6,0.0,0.0,trivial,6,1.107692037236034,8,256,merge,original-eigsolve,43470110,Production validation passed for 13 momenta and 130 finite levels using Julia one-cycle Arnoldi semantics.,D:\1 - research\1.24 - Honeycomb_J1J2\hpc\rendered\2026-07-18_102434_bsc_J1J2p06_merge_D8chi256_TM_JuliaEig_production\synced_final\D8\TM_spectrum\trivial\spectrum_k0_pi12_pi.csv,,eb7588bfc3a5dafd70e9f1714054ef3dfb2c8de60f49047a1d09fe95ebee254c
0.6,0.0,0.0,trivial,7,1.107692037236034,8,256,merge,original-eigsolve,43470110,Production validation passed for 13 momenta and 130 finite levels using Julia one-cycle Arnoldi semantics.,D:\1 - research\1.24 - Honeycomb_J1J2\hpc\rendered\2026-07-18_102434_bsc_J1J2p06_merge_D8chi256_TM_JuliaEig_production\synced_final\D8\TM_spectrum\trivial\spectrum_k0_pi12_pi.csv,,eb7588bfc3a5dafd70e9f1714054ef3dfb2c8de60f49047a1d09fe95ebee254c
0.6,0.0,0.0,trivial,8,1.205103464222214,8,256,merge,original-eigsolve,43470110,Production validation passed for 13 momenta and 130 finite levels using Julia one-cycle Arnoldi semantics.,D:\1 - research\1.24 - Honeycomb_J1J2\hpc\rendered\2026-07-18_102434_bsc_J1J2p06_merge_D8chi256_TM_JuliaEig_production\synced_final\D8\TM_spectrum\trivial\spectrum_k0_pi12_pi.csv,,eb7588bfc3a5dafd70e9f1714054ef3dfb2c8de60f49047a1d09fe95ebee254c
0.6,0.0,0.0,trivial,9,1.205103464222214,8,256,merge,original-eigsolve,43470110,Production validation passed for 13 momenta and 130 finite levels using Julia one-cycle Arnoldi semantics.,D:\1 - research\1.24 - Honeycomb_J1J2\hpc\rendered\2026-07-18_102434_bsc_J1J2p06_merge_D8chi256_TM_JuliaEig_production\synced_final\D8\TM_spectrum\trivial\spectrum_k0_pi12_pi.csv,,eb7588bfc3a5dafd70e9f1714054ef3dfb2c8de60f49047a1d09fe95ebee254c
0.6,0.0,0.0,trivial,10,1.281198118679186,8,256,merge,original-eigsolve,43470110,Production validation passed for 13 momenta and 130 finite levels using Julia one-cycle Arnoldi semantics.,D:\1 - research\1.24 - Honeycomb_J1J2\hpc\rendered\2026-07-18_102434_bsc_J1J2p06_merge_D8chi256_TM_JuliaEig_production\synced_final\D8\TM_spectrum\trivial\spectrum_k0_pi12_pi.csv,,eb7588bfc3a5dafd70e9f1714054ef3dfb2c8de60f49047a1d09fe95ebee254c
0.6,0.08333333333333333,0.2617993877991494,trivial,1,0.748594601715226,8,256,merge,original-eigsolve,43470110,Production validation passed for 13 momenta and 130 finite levels using Julia one-cycle Arnoldi semantics.,D:\1 - research\1.24 - Honeycomb_J1J2\hpc\rendered\2026-07-18_102434_bsc_J1J2p06_merge_D8chi256_TM_JuliaEig_production\synced_final\D8\TM_spectrum\trivial\spectrum_k0_pi12_pi.csv,,eb7588bfc3a5dafd70e9f1714054ef3dfb2c8de60f49047a1d09fe95ebee254c
0.6,0.08333333333333333,0.2617993877991494,trivial,2,0.755705541604511,8,256,merge,original-eigsolve,43470110,Production validation passed for 13 momenta and 130 finite levels using Julia one-cycle Arnoldi semantics.,D:\1 - research\1.24 - Honeycomb_J1J2\hpc\rendered\2026-07-18_102434_bsc_J1J2p06_merge_D8chi256_TM_JuliaEig_production\synced_final\D8\TM_spectrum\trivial\spectrum_k0_pi12_pi.csv,,eb7588bfc3a5dafd70e9f1714054ef3dfb2c8de60f49047a1d09fe95ebee254c
0.6,0.08333333333333333,0.2617993877991494,trivial,3,0.759158469078593,8,256,merge,original-eigsolve,43470110,Production validation passed for 13 momenta and 130 finite levels using Julia one-cycle Arnoldi semantics.,D:\1 - research\1.24 - Honeycomb_J1J2\hpc\rendered\2026-07-18_102434_bsc_J1J2p06_merge_D8chi256_TM_JuliaEig_production\synced_final\D8\TM_spectrum\trivial\spectrum_k0_pi12_pi.csv,,eb7588bfc3a5dafd70e9f1714054ef3dfb2c8de60f49047a1d09fe95ebee254c
0.6,0.08333333333333333,0.2617993877991494,trivial,4,1.003879146969958,8,256,merge,original-eigsolve,43470110,Production validation passed for 13 momenta and 130 finite levels using Julia one-cycle Arnoldi semantics.,D:\1 - research\1.24 - Honeycomb_J1J2\hpc\rendered\2026-07-18_102434_bsc_J1J2p06_merge_D8chi256_TM_JuliaEig_production\synced_final\D8\TM_spectrum\trivial\spectrum_k0_pi12_pi.csv,,eb7588bfc3a5dafd70e9f1714054ef3dfb2c8de60f49047a1d09fe95ebee254c
0.6,0.08333333333333333,0.2617993877991494,trivial,5,1.056965606705706,8,256,merge,original-eigsolve,43470110,Production validation passed for 13 momenta and 130 finite levels using Julia one-cycle Arnoldi semantics.,D:\1 - research\1.24 - Honeycomb_J1J2\hpc\rendered\2026-07-18_102434_bsc_J1J2p06_merge_D8chi256_TM_JuliaEig_production\synced_final\D8\TM_spectrum\trivial\spectrum_k0_pi12_pi.csv,,eb7588bfc3a5dafd70e9f1714054ef3dfb2c8de60f49047a1d09fe95ebee254c
0.6,0.08333333333333333,0.2617993877991494,trivial,6,1.129554623854793,8,256,merge,original-eigsolve,43470110,Production validation passed for 13 momenta and 130 finite levels using Julia one-cycle Arnoldi semantics.,D:\1 - research\1.24 - Honeycomb_J1J2\hpc\rendered\2026-07-18_102434_bsc_J1J2p06_merge_D8chi256_TM_JuliaEig_production\synced_final\D8\TM_spectrum\trivial\spectrum_k0_pi12_pi.csv,,eb7588bfc3a5dafd70e9f1714054ef3dfb2c8de60f49047a1d09fe95ebee254c
0.6,0.08333333333333333,0.2617993877991494,trivial,7,1.170670785118713,8,256,merge,original-eigsolve,43470110,Production validation passed for 13 momenta and 130 finite levels using Julia one-cycle Arnoldi semantics.,D:\1 - research\1.24 - Honeycomb_J1J2\hpc\rendered\2026-07-18_102434_bsc_J1J2p06_merge_D8chi256_TM_JuliaEig_production\synced_final\D8\TM_spectrum\trivial\spectrum_k0_pi12_pi.csv,,eb7588bfc3a5dafd70e9f1714054ef3dfb2c8de60f49047a1d09fe95ebee254c
0.6,0.08333333333333333,0.2617993877991494,trivial,8,1.222837321851055,8,256,merge,original-eigsolve,43470110,Production validation passed for 13 momenta and 130 finite levels using Julia one-cycle Arnoldi semantics.,D:\1 - research\1.24 - Honeycomb_J1J2\hpc\rendered\2026-07-18_102434_bsc_J1J2p06_merge_D8chi256_TM_JuliaEig_production\synced_final\D8\TM_spectrum\trivial\spectrum_k0_pi12_pi.csv,,eb7588bfc3a5dafd70e9f1714054ef3dfb2c8de60f49047a1d09fe95ebee254c
0.6,0.08333333333333333,0.2617993877991494,trivial,9,1.263663595013659,8,256,merge,original-eigsolve,43470110,Production validation passed for 13 momenta and 130 finite levels using Julia one-cycle Arnoldi semantics.,D:\1 - research\1.24 - Honeycomb_J1J2\hpc\rendered\2026-07-18_102434_bsc_J1J2p06_merge_D8chi256_TM_JuliaEig_production\synced_final\D8\TM_spectrum\trivial\spectrum_k0_pi12_pi.csv,,eb7588bfc3a5dafd70e9f1714054ef3dfb2c8de60f49047a1d09fe95ebee254c
0.6,0.08333333333333333,0.2617993877991494,trivial,10,1.28832609088726,8,256,merge,original-eigsolve,43470110,Production validation passed for 13 momenta and 130 finite levels using Julia one-cycle Arnoldi semantics.,D:\1 - research\1.24 - Honeycomb_J1J2\hpc\rendered\2026-07-18_102434_bsc_J1J2p06_merge_D8chi256_TM_JuliaEig_production\synced_final\D8\TM_spectrum\trivial\spectrum_k0_pi12_pi.csv,,eb7588bfc3a5dafd70e9f1714054ef3dfb2c8de60f49047a1d09fe95ebee254c
0.6,0.16666666666666666,0.5235987755982988,trivial,1,0.83655412688673,8,256,merge,original-eigsolve,43470110,Production validation passed for 13 momenta and 130 finite levels using Julia one-cycle Arnoldi semantics.,D:\1 - research\1.24 - Honeycomb_J1J2\hpc\rendered\2026-07-18_102434_bsc_J1J2p06_merge_D8chi256_TM_JuliaEig_production\synced_final\D8\TM_spectrum\trivial\spectrum_k0_pi12_pi.csv,,eb7588bfc3a5dafd70e9f1714054ef3dfb2c8de60f49047a1d09fe95ebee254c
0.6,0.16666666666666666,0.5235987755982988,trivial,2,0.847193847973715,8,256,merge,original-eigsolve,43470110,Production validation passed for 13 momenta and 130 finite levels using Julia one-cycle Arnoldi semantics.,D:\1 - research\1.24 - Honeycomb_J1J2\hpc\rendered\2026-07-18_102434_bsc_J1J2p06_merge_D8chi256_TM_JuliaEig_production\synced_final\D8\TM_spectrum\trivial\spectrum_k0_pi12_pi.csv,,eb7588bfc3a5dafd70e9f1714054ef3dfb2c8de60f49047a1d09fe95ebee254c
0.6,0.16666666666666666,0.5235987755982988,trivial,3,0.856356685841009,8,256,merge,original-eigsolve,43470110,Production validation passed for 13 momenta and 130 finite levels using Julia one-cycle Arnoldi semantics.,D:\1 - research\1.24 - Honeycomb_J1J2\hpc\rendered\2026-07-18_102434_bsc_J1J2p06_merge_D8chi256_TM_JuliaEig_production\synced_final\D8\TM_spectrum\trivial\spectrum_k0_pi12_pi.csv,,eb7588bfc3a5dafd70e9f1714054ef3dfb2c8de60f49047a1d09fe95ebee254c
0.6,0.16666666666666666,0.5235987755982988,trivial,4,1.080608314217118,8,256,merge,original-eigsolve,43470110,Production validation passed for 13 momenta and 130 finite levels using Julia one-cycle Arnoldi semantics.,D:\1 - research\1.24 - Honeycomb_J1J2\hpc\rendered\2026-07-18_102434_bsc_J1J2p06_merge_D8chi256_TM_JuliaEig_production\synced_final\D8\TM_spectrum\trivial\spectrum_k0_pi12_pi.csv,,eb7588bfc3a5dafd70e9f1714054ef3dfb2c8de60f49047a1d09fe95ebee254c
0.6,0.16666666666666666,0.5235987755982988,trivial,5,1.144437629364874,8,256,merge,original-eigsolve,43470110,Production validation passed for 13 momenta and 130 finite levels using Julia one-cycle Arnoldi semantics.,D:\1 - research\1.24 - Honeycomb_J1J2\hpc\rendered\2026-07-18_102434_bsc_J1J2p06_merge_D8chi256_TM_JuliaEig_production\synced_final\D8\TM_spectrum\trivial\spectrum_k0_pi12_pi.csv,,eb7588bfc3a5dafd70e9f1714054ef3dfb2c8de60f49047a1d09fe95ebee254c
0.6,0.16666666666666666,0.5235987755982988,trivial,6,1.254480206603774,8,256,merge,original-eigsolve,43470110,Production validation passed for 13 momenta and 130 finite levels using Julia one-cycle Arnoldi semantics.,D:\1 - research\1.24 - Honeycomb_J1J2\hpc\rendered\2026-07-18_102434_bsc_J1J2p06_merge_D8chi256_TM_JuliaEig_production\synced_final\D8\TM_spectrum\trivial\spectrum_k0_pi12_pi.csv,,eb7588bfc3a5dafd70e9f1714054ef3dfb2c8de60f49047a1d09fe95ebee254c
0.6,0.16666666666666666,0.5235987755982988,trivial,7,1.261762444140569,8,256,merge,original-eigsolve,43470110,Production validation passed for 13 momenta and 130 finite levels using Julia one-cycle Arnoldi semantics.,D:\1 - research\1.24 - Honeycomb_J1J2\hpc\rendered\2026-07-18_102434_bsc_J1J2p06_merge_D8chi256_TM_JuliaEig_production\synced_final\D8\TM_spectrum\trivial\spectrum_k0_pi12_pi.csv,,eb7588bfc3a5dafd70e9f1714054ef3dfb2c8de60f49047a1d09fe95ebee254c
0.6,0.16666666666666666,0.5235987755982988,trivial,8,1.292100055708097,8,256,merge,original-eigsolve,43470110,Production validation passed for 13 momenta and 130 finite levels using Julia one-cycle Arnoldi semantics.,D:\1 - research\1.24 - Honeycomb_J1J2\hpc\rendered\2026-07-18_102434_bsc_J1J2p06_merge_D8chi256_TM_JuliaEig_production\synced_final\D8\TM_spectrum\trivial\spectrum_k0_pi12_pi.csv,,eb7588bfc3a5dafd70e9f1714054ef3dfb2c8de60f49047a1d09fe95ebee254c
0.6,0.16666666666666666,0.5235987755982988,trivial,9,1.3640533244687,8,256,merge,original-eigsolve,43470110,Production validation passed for 13 momenta and 130 finite levels using Julia one-cycle Arnoldi semantics.,D:\1 - research\1.24 - Honeycomb_J1J2\hpc\rendered\2026-07-18_102434_bsc_J1J2p06_merge_D8chi256_TM_JuliaEig_production\synced_final\D8\TM_spectrum\trivial\spectrum_k0_pi12_pi.csv,,eb7588bfc3a5dafd70e9f1714054ef3dfb2c8de60f49047a1d09fe95ebee254c
0.6,0.16666666666666666,0.5235987755982988,trivial,10,1.365018531225184,8,256,merge,original-eigsolve,43470110,Production validation passed for 13 momenta and 130 finite levels using Julia one-cycle Arnoldi semantics.,D:\1 - research\1.24 - Honeycomb_J1J2\hpc\rendered\2026-07-18_102434_bsc_J1J2p06_merge_D8chi256_TM_JuliaEig_production\synced_final\D8\TM_spectrum\trivial\spectrum_k0_pi12_pi.csv,,eb7588bfc3a5dafd70e9f1714054ef3dfb2c8de60f49047a1d09fe95ebee254c
0.6,0.25,0.7853981633974483,trivial,1,0.901264239939791,8,256,merge,original-eigsolve,43470110,Production validation passed for 13 momenta and 130 finite levels using Julia one-cycle Arnoldi semantics.,D:\1 - research\1.24 - Honeycomb_J1J2\hpc\rendered\2026-07-18_102434_bsc_J1J2p06_merge_D8chi256_TM_JuliaEig_production\synced_final\D8\TM_spectrum\trivial\spectrum_k0_pi12_pi.csv,,eb7588bfc3a5dafd70e9f1714054ef3dfb2c8de60f49047a1d09fe95ebee254c
0.6,0.25,0.7853981633974483,trivial,2,0.9137107755392,8,256,merge,original-eigsolve,43470110,Production validation passed for 13 momenta and 130 finite levels using Julia one-cycle Arnoldi semantics.,D:\1 - research\1.24 - Honeycomb_J1J2\hpc\rendered\2026-07-18_102434_bsc_J1J2p06_merge_D8chi256_TM_JuliaEig_production\synced_final\D8\TM_spectrum\trivial\spectrum_k0_pi12_pi.csv,,eb7588bfc3a5dafd70e9f1714054ef3dfb2c8de60f49047a1d09fe95ebee254c
0.6,0.25,0.7853981633974483,trivial,3,0.920361577871699,8,256,merge,original-eigsolve,43470110,Production validation passed for 13 momenta and 130 finite levels using Julia one-cycle Arnoldi semantics.,D:\1 - research\1.24 - Honeycomb_J1J2\hpc\rendered\2026-07-18_102434_bsc_J1J2p06_merge_D8chi256_TM_JuliaEig_production\synced_final\D8\TM_spectrum\trivial\spectrum_k0_pi12_pi.csv,,eb7588bfc3a5dafd70e9f1714054ef3dfb2c8de60f49047a1d09fe95ebee254c
0.6,0.25,0.7853981633974483,trivial,4,1.171652117175971,8,256,merge,original-eigsolve,43470110,Production validation passed for 13 momenta and 130 finite levels using Julia one-cycle Arnoldi semantics.,D:\1 - research\1.24 - Honeycomb_J1J2\hpc\rendered\2026-07-18_102434_bsc_J1J2p06_merge_D8chi256_TM_JuliaEig_production\synced_final\D8\TM_spectrum\trivial\spectrum_k0_pi12_pi.csv,,eb7588bfc3a5dafd70e9f1714054ef3dfb2c8de60f49047a1d09fe95ebee254c
0.6,0.25,0.7853981633974483,trivial,5,1.20011429984113,8,256,merge,original-eigsolve,43470110,Production validation passed for 13 momenta and 130 finite levels using Julia one-cycle Arnoldi semantics.,D:\1 - research\1.24 - Honeycomb_J1J2\hpc\rendered\2026-07-18_102434_bsc_J1J2p06_merge_D8chi256_TM_JuliaEig_production\synced_final\D8\TM_spectrum\trivial\spectrum_k0_pi12_pi.csv,,eb7588bfc3a5dafd70e9f1714054ef3dfb2c8de60f49047a1d09fe95ebee254c
0.6,0.25,0.7853981633974483,trivial,6,1.238058732985614,8,256,merge,original-eigsolve,43470110,Production validation passed for 13 momenta and 130 finite levels using Julia one-cycle Arnoldi semantics.,D:\1 - research\1.24 - Honeycomb_J1J2\hpc\rendered\2026-07-18_102434_bsc_J1J2p06_merge_D8chi256_TM_JuliaEig_production\synced_final\D8\TM_spectrum\trivial\spectrum_k0_pi12_pi.csv,,eb7588bfc3a5dafd70e9f1714054ef3dfb2c8de60f49047a1d09fe95ebee254c
0.6,0.25,0.7853981633974483,trivial,7,1.296079357769898,8,256,merge,original-eigsolve,43470110,Production validation passed for 13 momenta and 130 finite levels using Julia one-cycle Arnoldi semantics.,D:\1 - research\1.24 - Honeycomb_J1J2\hpc\rendered\2026-07-18_102434_bsc_J1J2p06_merge_D8chi256_TM_JuliaEig_production\synced_final\D8\TM_spectrum\trivial\spectrum_k0_pi12_pi.csv,,eb7588bfc3a5dafd70e9f1714054ef3dfb2c8de60f49047a1d09fe95ebee254c
0.6,0.25,0.7853981633974483,trivial,8,1.440198171813549,8,256,merge,original-eigsolve,43470110,Production validation passed for 13 momenta and 130 finite levels using Julia one-cycle Arnoldi semantics.,D:\1 - research\1.24 - Honeycomb_J1J2\hpc\rendered\2026-07-18_102434_bsc_J1J2p06_merge_D8chi256_TM_JuliaEig_production\synced_final\D8\TM_spectrum\trivial\spectrum_k0_pi12_pi.csv,,eb7588bfc3a5dafd70e9f1714054ef3dfb2c8de60f49047a1d09fe95ebee254c
0.6,0.25,0.7853981633974483,trivial,9,1.494164872344117,8,256,merge,original-eigsolve,43470110,Production validation passed for 13 momenta and 130 finite levels using Julia one-cycle Arnoldi semantics.,D:\1 - research\1.24 - Honeycomb_J1J2\hpc\rendered\2026-07-18_102434_bsc_J1J2p06_merge_D8chi256_TM_JuliaEig_production\synced_final\D8\TM_spectrum\trivial\spectrum_k0_pi12_pi.csv,,eb7588bfc3a5dafd70e9f1714054ef3dfb2c8de60f49047a1d09fe95ebee254c
0.6,0.25,0.7853981633974483,trivial,10,1.505490673152073,8,256,merge,original-eigsolve,43470110,Production validation passed for 13 momenta and 130 finite levels using Julia one-cycle Arnoldi semantics.,D:\1 - research\1.24 - Honeycomb_J1J2\hpc\rendered\2026-07-18_102434_bsc_J1J2p06_merge_D8chi256_TM_JuliaEig_production\synced_final\D8\TM_spectrum\trivial\spectrum_k0_pi12_pi.csv,,eb7588bfc3a5dafd70e9f1714054ef3dfb2c8de60f49047a1d09fe95ebee254c
0.6,0.3333333333333333,1.0471975511965976,trivial,1,0.909670294970285,8,256,merge,original-eigsolve,43470110,Production validation passed for 13 momenta and 130 finite levels using Julia one-cycle Arnoldi semantics.,D:\1 - research\1.24 - Honeycomb_J1J2\hpc\rendered\2026-07-18_102434_bsc_J1J2p06_merge_D8chi256_TM_JuliaEig_production\synced_final\D8\TM_spectrum\trivial\spectrum_k0_pi12_pi.csv,,eb7588bfc3a5dafd70e9f1714054ef3dfb2c8de60f49047a1d09fe95ebee254c
0.6,0.3333333333333333,1.0471975511965976,trivial,2,0.926709837604453,8,256,merge,original-eigsolve,43470110,Production validation passed for 13 momenta and 130 finite levels using Julia one-cycle Arnoldi semantics.,D:\1 - research\1.24 - Honeycomb_J1J2\hpc\rendered\2026-07-18_102434_bsc_J1J2p06_merge_D8chi256_TM_JuliaEig_production\synced_final\D8\TM_spectrum\trivial\spectrum_k0_pi12_pi.csv,,eb7588bfc3a5dafd70e9f1714054ef3dfb2c8de60f49047a1d09fe95ebee254c
0.6,0.3333333333333333,1.0471975511965976,trivial,3,0.930358153657024,8,256,merge,original-eigsolve,43470110,Production validation passed for 13 momenta and 130 finite levels using Julia one-cycle Arnoldi semantics.,D:\1 - research\1.24 - Honeycomb_J1J2\hpc\rendered\2026-07-18_102434_bsc_J1J2p06_merge_D8chi256_TM_JuliaEig_production\synced_final\D8\TM_spectrum\trivial\spectrum_k0_pi12_pi.csv,,eb7588bfc3a5dafd70e9f1714054ef3dfb2c8de60f49047a1d09fe95ebee254c
0.6,0.3333333333333333,1.0471975511965976,trivial,4,1.180730389956258,8,256,merge,original-eigsolve,43470110,Production validation passed for 13 momenta and 130 finite levels using Julia one-cycle Arnoldi semantics.,D:\1 - research\1.24 - Honeycomb_J1J2\hpc\rendered\2026-07-18_102434_bsc_J1J2p06_merge_D8chi256_TM_JuliaEig_production\synced_final\D8\TM_spectrum\trivial\spectrum_k0_pi12_pi.csv,,eb7588bfc3a5dafd70e9f1714054ef3dfb2c8de60f49047a1d09fe95ebee254c
0.6,0.3333333333333333,1.0471975511965976,trivial,5,1.185731836396895,8,256,merge,original-eigsolve,43470110,Production validation passed for 13 momenta and 130 finite levels using Julia one-cycle Arnoldi semantics.,D:\1 - research\1.24 - Honeycomb_J1J2\hpc\rendered\2026-07-18_102434_bsc_J1J2p06_merge_D8chi256_TM_JuliaEig_production\synced_final\D8\TM_spectrum\trivial\spectrum_k0_pi12_pi.csv,,eb7588bfc3a5dafd70e9f1714054ef3dfb2c8de60f49047a1d09fe95ebee254c
0.6,0.3333333333333333,1.0471975511965976,trivial,6,1.22185434885079,8,256,merge,original-eigsolve,43470110,Production validation passed for 13 momenta and 130 finite levels using Julia one-cycle Arnoldi semantics.,D:\1 - research\1.24 - Honeycomb_J1J2\hpc\rendered\2026-07-18_102434_bsc_J1J2p06_merge_D8chi256_TM_JuliaEig_production\synced_final\D8\TM_spectrum\trivial\spectrum_k0_pi12_pi.csv,,eb7588bfc3a5dafd70e9f1714054ef3dfb2c8de60f49047a1d09fe95ebee254c
0.6,0.3333333333333333,1.0471975511965976,trivial,7,1.383040755257966,8,256,merge,original-eigsolve,43470110,Production validation passed for 13 momenta and 130 finite levels using Julia one-cycle Arnoldi semantics.,D:\1 - research\1.24 - Honeycomb_J1J2\hpc\rendered\2026-07-18_102434_bsc_J1J2p06_merge_D8chi256_TM_JuliaEig_production\synced_final\D8\TM_spectrum\trivial\spectrum_k0_pi12_pi.csv,,eb7588bfc3a5dafd70e9f1714054ef3dfb2c8de60f49047a1d09fe95ebee254c
0.6,0.3333333333333333,1.0471975511965976,trivial,8,1.429821597756907,8,256,merge,original-eigsolve,43470110,Production validation passed for 13 momenta and 130 finite levels using Julia one-cycle Arnoldi semantics.,D:\1 - research\1.24 - Honeycomb_J1J2\hpc\rendered\2026-07-18_102434_bsc_J1J2p06_merge_D8chi256_TM_JuliaEig_production\synced_final\D8\TM_spectrum\trivial\spectrum_k0_pi12_pi.csv,,eb7588bfc3a5dafd70e9f1714054ef3dfb2c8de60f49047a1d09fe95ebee254c
0.6,0.3333333333333333,1.0471975511965976,trivial,9,1.490131853622084,8,256,merge,original-eigsolve,43470110,Production validation passed for 13 momenta and 130 finite levels using Julia one-cycle Arnoldi semantics.,D:\1 - research\1.24 - Honeycomb_J1J2\hpc\rendered\2026-07-18_102434_bsc_J1J2p06_merge_D8chi256_TM_JuliaEig_production\synced_final\D8\TM_spectrum\trivial\spectrum_k0_pi12_pi.csv,,eb7588bfc3a5dafd70e9f1714054ef3dfb2c8de60f49047a1d09fe95ebee254c
0.6,0.3333333333333333,1.0471975511965976,trivial,10,1.497705487155474,8,256,merge,original-eigsolve,43470110,Production validation passed for 13 momenta and 130 finite levels using Julia one-cycle Arnoldi semantics.,D:\1 - research\1.24 - Honeycomb_J1J2\hpc\rendered\2026-07-18_102434_bsc_J1J2p06_merge_D8chi256_TM_JuliaEig_production\synced_final\D8\TM_spectrum\trivial\spectrum_k0_pi12_pi.csv,,eb7588bfc3a5dafd70e9f1714054ef3dfb2c8de60f49047a1d09fe95ebee254c
0.6,0.4166666666666667,1.3089969389957472,trivial,1,0.890868319492702,8,256,merge,original-eigsolve,43470110,Production validation passed for 13 momenta and 130 finite levels using Julia one-cycle Arnoldi semantics.,D:\1 - research\1.24 - Honeycomb_J1J2\hpc\rendered\2026-07-18_102434_bsc_J1J2p06_merge_D8chi256_TM_JuliaEig_production\synced_final\D8\TM_spectrum\trivial\spectrum_k0_pi12_pi.csv,,eb7588bfc3a5dafd70e9f1714054ef3dfb2c8de60f49047a1d09fe95ebee254c
0.6,0.4166666666666667,1.3089969389957472,trivial,2,0.919233564096004,8,256,merge,original-eigsolve,43470110,Production validation passed for 13 momenta and 130 finite levels using Julia one-cycle Arnoldi semantics.,D:\1 - research\1.24 - Honeycomb_J1J2\hpc\rendered\2026-07-18_102434_bsc_J1J2p06_merge_D8chi256_TM_JuliaEig_production\synced_final\D8\TM_spectrum\trivial\spectrum_k0_pi12_pi.csv,,eb7588bfc3a5dafd70e9f1714054ef3dfb2c8de60f49047a1d09fe95ebee254c
0.6,0.4166666666666667,1.3089969389957472,trivial,3,0.920921571367128,8,256,merge,original-eigsolve,43470110,Production validation passed for 13 momenta and 130 finite levels using Julia one-cycle Arnoldi semantics.,D:\1 - research\1.24 - Honeycomb_J1J2\hpc\rendered\2026-07-18_102434_bsc_J1J2p06_merge_D8chi256_TM_JuliaEig_production\synced_final\D8\TM_spectrum\trivial\spectrum_k0_pi12_pi.csv,,eb7588bfc3a5dafd70e9f1714054ef3dfb2c8de60f49047a1d09fe95ebee254c
0.6,0.4166666666666667,1.3089969389957472,trivial,4,1.127503266614523,8,256,merge,original-eigsolve,43470110,Production validation passed for 13 momenta and 130 finite levels using Julia one-cycle Arnoldi semantics.,D:\1 - research\1.24 - Honeycomb_J1J2\hpc\rendered\2026-07-18_102434_bsc_J1J2p06_merge_D8chi256_TM_JuliaEig_production\synced_final\D8\TM_spectrum\trivial\spectrum_k0_pi12_pi.csv,,eb7588bfc3a5dafd70e9f1714054ef3dfb2c8de60f49047a1d09fe95ebee254c
0.6,0.4166666666666667,1.3089969389957472,trivial,5,1.165068105508877,8,256,merge,original-eigsolve,43470110,Production validation passed for 13 momenta and 130 finite levels using Julia one-cycle Arnoldi semantics.,D:\1 - research\1.24 - Honeycomb_J1J2\hpc\rendered\2026-07-18_102434_bsc_J1J2p06_merge_D8chi256_TM_JuliaEig_production\synced_final\D8\TM_spectrum\trivial\spectrum_k0_pi12_pi.csv,,eb7588bfc3a5dafd70e9f1714054ef3dfb2c8de60f49047a1d09fe95ebee254c
0.6,0.4166666666666667,1.3089969389957472,trivial,6,1.240649864744414,8,256,merge,original-eigsolve,43470110,Production validation passed for 13 momenta and 130 finite levels using Julia one-cycle Arnoldi semantics.,D:\1 - research\1.24 - Honeycomb_J1J2\hpc\rendered\2026-07-18_102434_bsc_J1J2p06_merge_D8chi256_TM_JuliaEig_production\synced_final\D8\TM_spectrum\trivial\spectrum_k0_pi12_pi.csv,,eb7588bfc3a5dafd70e9f1714054ef3dfb2c8de60f49047a1d09fe95ebee254c
0.6,0.4166666666666667,1.3089969389957472,trivial,7,1.368647222009884,8,256,merge,original-eigsolve,43470110,Production validation passed for 13 momenta and 130 finite levels using Julia one-cycle Arnoldi semantics.,D:\1 - research\1.24 - Honeycomb_J1J2\hpc\rendered\2026-07-18_102434_bsc_J1J2p06_merge_D8chi256_TM_JuliaEig_production\synced_final\D8\TM_spectrum\trivial\spectrum_k0_pi12_pi.csv,,eb7588bfc3a5dafd70e9f1714054ef3dfb2c8de60f49047a1d09fe95ebee254c
0.6,0.4166666666666667,1.3089969389957472,trivial,8,1.439137674482134,8,256,merge,original-eigsolve,43470110,Production validation passed for 13 momenta and 130 finite levels using Julia one-cycle Arnoldi semantics.,D:\1 - research\1.24 - Honeycomb_J1J2\hpc\rendered\2026-07-18_102434_bsc_J1J2p06_merge_D8chi256_TM_JuliaEig_production\synced_final\D8\TM_spectrum\trivial\spectrum_k0_pi12_pi.csv,,eb7588bfc3a5dafd70e9f1714054ef3dfb2c8de60f49047a1d09fe95ebee254c
0.6,0.4166666666666667,1.3089969389957472,trivial,9,1.440953730935818,8,256,merge,original-eigsolve,43470110,Production validation passed for 13 momenta and 130 finite levels using Julia one-cycle Arnoldi semantics.,D:\1 - research\1.24 - Honeycomb_J1J2\hpc\rendered\2026-07-18_102434_bsc_J1J2p06_merge_D8chi256_TM_JuliaEig_production\synced_final\D8\TM_spectrum\trivial\spectrum_k0_pi12_pi.csv,,eb7588bfc3a5dafd70e9f1714054ef3dfb2c8de60f49047a1d09fe95ebee254c
0.6,0.4166666666666667,1.3089969389957472,trivial,10,1.458057905544824,8,256,merge,original-eigsolve,43470110,Production validation passed for 13 momenta and 130 finite levels using Julia one-cycle Arnoldi semantics.,D:\1 - research\1.24 - Honeycomb_J1J2\hpc\rendered\2026-07-18_102434_bsc_J1J2p06_merge_D8chi256_TM_JuliaEig_production\synced_final\D8\TM_spectrum\trivial\spectrum_k0_pi12_pi.csv,,eb7588bfc3a5dafd70e9f1714054ef3dfb2c8de60f49047a1d09fe95ebee254c
0.6,0.5,1.5707963267948966,trivial,1,0.871375478319633,8,256,merge,original-eigsolve,43470110,Production validation passed for 13 momenta and 130 finite levels using Julia one-cycle Arnoldi semantics.,D:\1 - research\1.24 - Honeycomb_J1J2\hpc\rendered\2026-07-18_102434_bsc_J1J2p06_merge_D8chi256_TM_JuliaEig_production\synced_final\D8\TM_spectrum\trivial\spectrum_k0_pi12_pi.csv,,eb7588bfc3a5dafd70e9f1714054ef3dfb2c8de60f49047a1d09fe95ebee254c
0.6,0.5,1.5707963267948966,trivial,2,0.906197874292427,8,256,merge,original-eigsolve,43470110,Production validation passed for 13 momenta and 130 finite levels using Julia one-cycle Arnoldi semantics.,D:\1 - research\1.24 - Honeycomb_J1J2\hpc\rendered\2026-07-18_102434_bsc_J1J2p06_merge_D8chi256_TM_JuliaEig_production\synced_final\D8\TM_spectrum\trivial\spectrum_k0_pi12_pi.csv,,eb7588bfc3a5dafd70e9f1714054ef3dfb2c8de60f49047a1d09fe95ebee254c
0.6,0.5,1.5707963267948966,trivial,3,0.907552958553224,8,256,merge,original-eigsolve,43470110,Production validation passed for 13 momenta and 130 finite levels using Julia one-cycle Arnoldi semantics.,D:\1 - research\1.24 - Honeycomb_J1J2\hpc\rendered\2026-07-18_102434_bsc_J1J2p06_merge_D8chi256_TM_JuliaEig_production\synced_final\D8\TM_spectrum\trivial\spectrum_k0_pi12_pi.csv,,eb7588bfc3a5dafd70e9f1714054ef3dfb2c8de60f49047a1d09fe95ebee254c
0.6,0.5,1.5707963267948966,trivial,4,0.908648086164397,8,256,merge,original-eigsolve,43470110,Production validation passed for 13 momenta and 130 finite levels using Julia one-cycle Arnoldi semantics.,D:\1 - research\1.24 - Honeycomb_J1J2\hpc\rendered\2026-07-18_102434_bsc_J1J2p06_merge_D8chi256_TM_JuliaEig_production\synced_final\D8\TM_spectrum\trivial\spectrum_k0_pi12_pi.csv,,eb7588bfc3a5dafd70e9f1714054ef3dfb2c8de60f49047a1d09fe95ebee254c
0.6,0.5,1.5707963267948966,trivial,5,1.085736756151862,8,256,merge,original-eigsolve,43470110,Production validation passed for 13 momenta and 130 finite levels using Julia one-cycle Arnoldi semantics.,D:\1 - research\1.24 - Honeycomb_J1J2\hpc\rendered\2026-07-18_102434_bsc_J1J2p06_merge_D8chi256_TM_JuliaEig_production\synced_final\D8\TM_spectrum\trivial\spectrum_k0_pi12_pi.csv,,eb7588bfc3a5dafd70e9f1714054ef3dfb2c8de60f49047a1d09fe95ebee254c
0.6,0.5,1.5707963267948966,trivial,6,1.159732433024703,8,256,merge,original-eigsolve,43470110,Production validation passed for 13 momenta and 130 finite levels using Julia one-cycle Arnoldi semantics.,D:\1 - research\1.24 - Honeycomb_J1J2\hpc\rendered\2026-07-18_102434_bsc_J1J2p06_merge_D8chi256_TM_JuliaEig_production\synced_final\D8\TM_spectrum\trivial\spectrum_k0_pi12_pi.csv,,eb7588bfc3a5dafd70e9f1714054ef3dfb2c8de60f49047a1d09fe95ebee254c
0.6,0.5,1.5707963267948966,trivial,7,1.252797816056811,8,256,merge,original-eigsolve,43470110,Production validation passed for 13 momenta and 130 finite levels using Julia one-cycle Arnoldi semantics.,D:\1 - research\1.24 - Honeycomb_J1J2\hpc\rendered\2026-07-18_102434_bsc_J1J2p06_merge_D8chi256_TM_JuliaEig_production\synced_final\D8\TM_spectrum\trivial\spectrum_k0_pi12_pi.csv,,eb7588bfc3a5dafd70e9f1714054ef3dfb2c8de60f49047a1d09fe95ebee254c
0.6,0.5,1.5707963267948966,trivial,8,1.339475171636158,8,256,merge,original-eigsolve,43470110,Production validation passed for 13 momenta and 130 finite levels using Julia one-cycle Arnoldi semantics.,D:\1 - research\1.24 - Honeycomb_J1J2\hpc\rendered\2026-07-18_102434_bsc_J1J2p06_merge_D8chi256_TM_JuliaEig_production\synced_final\D8\TM_spectrum\trivial\spectrum_k0_pi12_pi.csv,,eb7588bfc3a5dafd70e9f1714054ef3dfb2c8de60f49047a1d09fe95ebee254c
0.6,0.5,1.5707963267948966,trivial,9,1.39196798459259,8,256,merge,original-eigsolve,43470110,Production validation passed for 13 momenta and 130 finite levels using Julia one-cycle Arnoldi semantics.,D:\1 - research\1.24 - Honeycomb_J1J2\hpc\rendered\2026-07-18_102434_bsc_J1J2p06_merge_D8chi256_TM_JuliaEig_production\synced_final\D8\TM_spectrum\trivial\spectrum_k0_pi12_pi.csv,,eb7588bfc3a5dafd70e9f1714054ef3dfb2c8de60f49047a1d09fe95ebee254c
0.6,0.5,1.5707963267948966,trivial,10,1.400640537496705,8,256,merge,original-eigsolve,43470110,Production validation passed for 13 momenta and 130 finite levels using Julia one-cycle Arnoldi semantics.,D:\1 - research\1.24 - Honeycomb_J1J2\hpc\rendered\2026-07-18_102434_bsc_J1J2p06_merge_D8chi256_TM_JuliaEig_production\synced_final\D8\TM_spectrum\trivial\spectrum_k0_pi12_pi.csv,,eb7588bfc3a5dafd70e9f1714054ef3dfb2c8de60f49047a1d09fe95ebee254c
0.6,0.5833333333333334,1.8325957145940461,trivial,1,0.579907649011954,8,256,merge,original-eigsolve,43470110,Production validation passed for 13 momenta and 130 finite levels using Julia one-cycle Arnoldi semantics.,D:\1 - research\1.24 - Honeycomb_J1J2\hpc\rendered\2026-07-18_102434_bsc_J1J2p06_merge_D8chi256_TM_JuliaEig_production\synced_final\D8\TM_spectrum\trivial\spectrum_k0_pi12_pi.csv,,eb7588bfc3a5dafd70e9f1714054ef3dfb2c8de60f49047a1d09fe95ebee254c
0.6,0.5833333333333334,1.8325957145940461,trivial,2,0.854546835719745,8,256,merge,original-eigsolve,43470110,Production validation passed for 13 momenta and 130 finite levels using Julia one-cycle Arnoldi semantics.,D:\1 - research\1.24 - Honeycomb_J1J2\hpc\rendered\2026-07-18_102434_bsc_J1J2p06_merge_D8chi256_TM_JuliaEig_production\synced_final\D8\TM_spectrum\trivial\spectrum_k0_pi12_pi.csv,,eb7588bfc3a5dafd70e9f1714054ef3dfb2c8de60f49047a1d09fe95ebee254c
0.6,0.5833333333333334,1.8325957145940461,trivial,3,0.897152609104942,8,256,merge,original-eigsolve,43470110,Production validation passed for 13 momenta and 130 finite levels using Julia one-cycle Arnoldi semantics.,D:\1 - research\1.24 - Honeycomb_J1J2\hpc\rendered\2026-07-18_102434_bsc_J1J2p06_merge_D8chi256_TM_JuliaEig_production\synced_final\D8\TM_spectrum\trivial\spectrum_k0_pi12_pi.csv,,eb7588bfc3a5dafd70e9f1714054ef3dfb2c8de60f49047a1d09fe95ebee254c
0.6,0.5833333333333334,1.8325957145940461,trivial,4,0.898581498256315,8,256,merge,original-eigsolve,43470110,Production validation passed for 13 momenta and 130 finite levels using Julia one-cycle Arnoldi semantics.,D:\1 - research\1.24 - Honeycomb_J1J2\hpc\rendered\2026-07-18_102434_bsc_J1J2p06_merge_D8chi256_TM_JuliaEig_production\synced_final\D8\TM_spectrum\trivial\spectrum_k0_pi12_pi.csv,,eb7588bfc3a5dafd70e9f1714054ef3dfb2c8de60f49047a1d09fe95ebee254c
0.6,0.5833333333333334,1.8325957145940461,trivial,5,1.014181856802,8,256,merge,original-eigsolve,43470110,Production validation passed for 13 momenta and 130 finite levels using Julia one-cycle Arnoldi semantics.,D:\1 - research\1.24 - Honeycomb_J1J2\hpc\rendered\2026-07-18_102434_bsc_J1J2p06_merge_D8chi256_TM_JuliaEig_production\synced_final\D8\TM_spectrum\trivial\spectrum_k0_pi12_pi.csv,,eb7588bfc3a5dafd70e9f1714054ef3dfb2c8de60f49047a1d09fe95ebee254c
0.6,0.5833333333333334,1.8325957145940461,trivial,6,1.01913855969678,8,256,merge,original-eigsolve,43470110,Production validation passed for 13 momenta and 130 finite levels using Julia one-cycle Arnoldi semantics.,D:\1 - research\1.24 - Honeycomb_J1J2\hpc\rendered\2026-07-18_102434_bsc_J1J2p06_merge_D8chi256_TM_JuliaEig_production\synced_final\D8\TM_spectrum\trivial\spectrum_k0_pi12_pi.csv,,eb7588bfc3a5dafd70e9f1714054ef3dfb2c8de60f49047a1d09fe95ebee254c
0.6,0.5833333333333334,1.8325957145940461,trivial,7,1.075469768633206,8,256,merge,original-eigsolve,43470110,Production validation passed for 13 momenta and 130 finite levels using Julia one-cycle Arnoldi semantics.,D:\1 - research\1.24 - Honeycomb_J1J2\hpc\rendered\2026-07-18_102434_bsc_J1J2p06_merge_D8chi256_TM_JuliaEig_production\synced_final\D8\TM_spectrum\trivial\spectrum_k0_pi12_pi.csv,,eb7588bfc3a5dafd70e9f1714054ef3dfb2c8de60f49047a1d09fe95ebee254c
0.6,0.5833333333333334,1.8325957145940461,trivial,8,1.167702167091095,8,256,merge,original-eigsolve,43470110,Production validation passed for 13 momenta and 130 finite levels using Julia one-cycle Arnoldi semantics.,D:\1 - research\1.24 - Honeycomb_J1J2\hpc\rendered\2026-07-18_102434_bsc_J1J2p06_merge_D8chi256_TM_JuliaEig_production\synced_final\D8\TM_spectrum\trivial\spectrum_k0_pi12_pi.csv,,eb7588bfc3a5dafd70e9f1714054ef3dfb2c8de60f49047a1d09fe95ebee254c
0.6,0.5833333333333334,1.8325957145940461,trivial,9,1.262875289462418,8,256,merge,original-eigsolve,43470110,Production validation passed for 13 momenta and 130 finite levels using Julia one-cycle Arnoldi semantics.,D:\1 - research\1.24 - Honeycomb_J1J2\hpc\rendered\2026-07-18_102434_bsc_J1J2p06_merge_D8chi256_TM_JuliaEig_production\synced_final\D8\TM_spectrum\trivial\spectrum_k0_pi12_pi.csv,,eb7588bfc3a5dafd70e9f1714054ef3dfb2c8de60f49047a1d09fe95ebee254c
0.6,0.5833333333333334,1.8325957145940461,trivial,10,1.386002200756284,8,256,merge,original-eigsolve,43470110,Production validation passed for 13 momenta and 130 finite levels using Julia one-cycle Arnoldi semantics.,D:\1 - research\1.24 - Honeycomb_J1J2\hpc\rendered\2026-07-18_102434_bsc_J1J2p06_merge_D8chi256_TM_JuliaEig_production\synced_final\D8\TM_spectrum\trivial\spectrum_k0_pi12_pi.csv,,eb7588bfc3a5dafd70e9f1714054ef3dfb2c8de60f49047a1d09fe95ebee254c
0.6,0.6666666666666666,2.0943951023931953,trivial,1,0.442801662946761,8,256,merge,original-eigsolve,43470110,Production validation passed for 13 momenta and 130 finite levels using Julia one-cycle Arnoldi semantics.,D:\1 - research\1.24 - Honeycomb_J1J2\hpc\rendered\2026-07-18_102434_bsc_J1J2p06_merge_D8chi256_TM_JuliaEig_production\synced_final\D8\TM_spectrum\trivial\spectrum_k0_pi12_pi.csv,,eb7588bfc3a5dafd70e9f1714054ef3dfb2c8de60f49047a1d09fe95ebee254c
0.6,0.6666666666666666,2.0943951023931953,trivial,2,0.838883742368569,8,256,merge,original-eigsolve,43470110,Production validation passed for 13 momenta and 130 finite levels using Julia one-cycle Arnoldi semantics.,D:\1 - research\1.24 - Honeycomb_J1J2\hpc\rendered\2026-07-18_102434_bsc_J1J2p06_merge_D8chi256_TM_JuliaEig_production\synced_final\D8\TM_spectrum\trivial\spectrum_k0_pi12_pi.csv,,eb7588bfc3a5dafd70e9f1714054ef3dfb2c8de60f49047a1d09fe95ebee254c
0.6,0.6666666666666666,2.0943951023931953,trivial,3,0.858014797486042,8,256,merge,original-eigsolve,43470110,Production validation passed for 13 momenta and 130 finite levels using Julia one-cycle Arnoldi semantics.,D:\1 - research\1.24 - Honeycomb_J1J2\hpc\rendered\2026-07-18_102434_bsc_J1J2p06_merge_D8chi256_TM_JuliaEig_production\synced_final\D8\TM_spectrum\trivial\spectrum_k0_pi12_pi.csv,,eb7588bfc3a5dafd70e9f1714054ef3dfb2c8de60f49047a1d09fe95ebee254c
0.6,0.6666666666666666,2.0943951023931953,trivial,4,0.864022166232605,8,256,merge,original-eigsolve,43470110,Production validation passed for 13 momenta and 130 finite levels using Julia one-cycle Arnoldi semantics.,D:\1 - research\1.24 - Honeycomb_J1J2\hpc\rendered\2026-07-18_102434_bsc_J1J2p06_merge_D8chi256_TM_JuliaEig_production\synced_final\D8\TM_spectrum\trivial\spectrum_k0_pi12_pi.csv,,eb7588bfc3a5dafd70e9f1714054ef3dfb2c8de60f49047a1d09fe95ebee254c
0.6,0.6666666666666666,2.0943951023931953,trivial,5,0.889787959400786,8,256,merge,original-eigsolve,43470110,Production validation passed for 13 momenta and 130 finite levels using Julia one-cycle Arnoldi semantics.,D:\1 - research\1.24 - Honeycomb_J1J2\hpc\rendered\2026-07-18_102434_bsc_J1J2p06_merge_D8chi256_TM_JuliaEig_production\synced_final\D8\TM_spectrum\trivial\spectrum_k0_pi12_pi.csv,,eb7588bfc3a5dafd70e9f1714054ef3dfb2c8de60f49047a1d09fe95ebee254c
0.6,0.6666666666666666,2.0943951023931953,trivial,6,0.89187469249666,8,256,merge,original-eigsolve,43470110,Production validation passed for 13 momenta and 130 finite levels using Julia one-cycle Arnoldi semantics.,D:\1 - research\1.24 - Honeycomb_J1J2\hpc\rendered\2026-07-18_102434_bsc_J1J2p06_merge_D8chi256_TM_JuliaEig_production\synced_final\D8\TM_spectrum\trivial\spectrum_k0_pi12_pi.csv,,eb7588bfc3a5dafd70e9f1714054ef3dfb2c8de60f49047a1d09fe95ebee254c
0.6,0.6666666666666666,2.0943951023931953,trivial,7,1.110113081214462,8,256,merge,original-eigsolve,43470110,Production validation passed for 13 momenta and 130 finite levels using Julia one-cycle Arnoldi semantics.,D:\1 - research\1.24 - Honeycomb_J1J2\hpc\rendered\2026-07-18_102434_bsc_J1J2p06_merge_D8chi256_TM_JuliaEig_production\synced_final\D8\TM_spectrum\trivial\spectrum_k0_pi12_pi.csv,,eb7588bfc3a5dafd70e9f1714054ef3dfb2c8de60f49047a1d09fe95ebee254c
0.6,0.6666666666666666,2.0943951023931953,trivial,8,1.186598149851208,8,256,merge,original-eigsolve,43470110,Production validation passed for 13 momenta and 130 finite levels using Julia one-cycle Arnoldi semantics.,D:\1 - research\1.24 - Honeycomb_J1J2\hpc\rendered\2026-07-18_102434_bsc_J1J2p06_merge_D8chi256_TM_JuliaEig_production\synced_final\D8\TM_spectrum\trivial\spectrum_k0_pi12_pi.csv,,eb7588bfc3a5dafd70e9f1714054ef3dfb2c8de60f49047a1d09fe95ebee254c
0.6,0.6666666666666666,2.0943951023931953,trivial,9,1.270294752435723,8,256,merge,original-eigsolve,43470110,Production validation passed for 13 momenta and 130 finite levels using Julia one-cycle Arnoldi semantics.,D:\1 - research\1.24 - Honeycomb_J1J2\hpc\rendered\2026-07-18_102434_bsc_J1J2p06_merge_D8chi256_TM_JuliaEig_production\synced_final\D8\TM_spectrum\trivial\spectrum_k0_pi12_pi.csv,,eb7588bfc3a5dafd70e9f1714054ef3dfb2c8de60f49047a1d09fe95ebee254c
0.6,0.6666666666666666,2.0943951023931953,trivial,10,1.315993491936249,8,256,merge,original-eigsolve,43470110,Production validation passed for 13 momenta and 130 finite levels using Julia one-cycle Arnoldi semantics.,D:\1 - research\1.24 - Honeycomb_J1J2\hpc\rendered\2026-07-18_102434_bsc_J1J2p06_merge_D8chi256_TM_JuliaEig_production\synced_final\D8\TM_spectrum\trivial\spectrum_k0_pi12_pi.csv,,eb7588bfc3a5dafd70e9f1714054ef3dfb2c8de60f49047a1d09fe95ebee254c
0.6,0.75,2.356194490192345,trivial,1,0.451134349722907,8,256,merge,original-eigsolve,43470110,Production validation passed for 13 momenta and 130 finite levels using Julia one-cycle Arnoldi semantics.,D:\1 - research\1.24 - Honeycomb_J1J2\hpc\rendered\2026-07-18_102434_bsc_J1J2p06_merge_D8chi256_TM_JuliaEig_production\synced_final\D8\TM_spectrum\trivial\spectrum_k0_pi12_pi.csv,,eb7588bfc3a5dafd70e9f1714054ef3dfb2c8de60f49047a1d09fe95ebee254c
0.6,0.75,2.356194490192345,trivial,2,0.807095541959924,8,256,merge,original-eigsolve,43470110,Production validation passed for 13 momenta and 130 finite levels using Julia one-cycle Arnoldi semantics.,D:\1 - research\1.24 - Honeycomb_J1J2\hpc\rendered\2026-07-18_102434_bsc_J1J2p06_merge_D8chi256_TM_JuliaEig_production\synced_final\D8\TM_spectrum\trivial\spectrum_k0_pi12_pi.csv,,eb7588bfc3a5dafd70e9f1714054ef3dfb2c8de60f49047a1d09fe95ebee254c
0.6,0.75,2.356194490192345,trivial,3,0.813753583549517,8,256,merge,original-eigsolve,43470110,Production validation passed for 13 momenta and 130 finite levels using Julia one-cycle Arnoldi semantics.,D:\1 - research\1.24 - Honeycomb_J1J2\hpc\rendered\2026-07-18_102434_bsc_J1J2p06_merge_D8chi256_TM_JuliaEig_production\synced_final\D8\TM_spectrum\trivial\spectrum_k0_pi12_pi.csv,,eb7588bfc3a5dafd70e9f1714054ef3dfb2c8de60f49047a1d09fe95ebee254c
0.6,0.75,2.356194490192345,trivial,4,0.82141251545494,8,256,merge,original-eigsolve,43470110,Production validation passed for 13 momenta and 130 finite levels using Julia one-cycle Arnoldi semantics.,D:\1 - research\1.24 - Honeycomb_J1J2\hpc\rendered\2026-07-18_102434_bsc_J1J2p06_merge_D8chi256_TM_JuliaEig_production\synced_final\D8\TM_spectrum\trivial\spectrum_k0_pi12_pi.csv,,eb7588bfc3a5dafd70e9f1714054ef3dfb2c8de60f49047a1d09fe95ebee254c
0.6,0.75,2.356194490192345,trivial,5,0.885272699290357,8,256,merge,original-eigsolve,43470110,Production validation passed for 13 momenta and 130 finite levels using Julia one-cycle Arnoldi semantics.,D:\1 - research\1.24 - Honeycomb_J1J2\hpc\rendered\2026-07-18_102434_bsc_J1J2p06_merge_D8chi256_TM_JuliaEig_production\synced_final\D8\TM_spectrum\trivial\spectrum_k0_pi12_pi.csv,,eb7588bfc3a5dafd70e9f1714054ef3dfb2c8de60f49047a1d09fe95ebee254c
0.6,0.75,2.356194490192345,trivial,6,0.888050238540883,8,256,merge,original-eigsolve,43470110,Production validation passed for 13 momenta and 130 finite levels using Julia one-cycle Arnoldi semantics.,D:\1 - research\1.24 - Honeycomb_J1J2\hpc\rendered\2026-07-18_102434_bsc_J1J2p06_merge_D8chi256_TM_JuliaEig_production\synced_final\D8\TM_spectrum\trivial\spectrum_k0_pi12_pi.csv,,eb7588bfc3a5dafd70e9f1714054ef3dfb2c8de60f49047a1d09fe95ebee254c
0.6,0.75,2.356194490192345,trivial,7,1.209717823256493,8,256,merge,original-eigsolve,43470110,Production validation passed for 13 momenta and 130 finite levels using Julia one-cycle Arnoldi semantics.,D:\1 - research\1.24 - Honeycomb_J1J2\hpc\rendered\2026-07-18_102434_bsc_J1J2p06_merge_D8chi256_TM_JuliaEig_production\synced_final\D8\TM_spectrum\trivial\spectrum_k0_pi12_pi.csv,,eb7588bfc3a5dafd70e9f1714054ef3dfb2c8de60f49047a1d09fe95ebee254c
0.6,0.75,2.356194490192345,trivial,8,1.213485832558414,8,256,merge,original-eigsolve,43470110,Production validation passed for 13 momenta and 130 finite levels using Julia one-cycle Arnoldi semantics.,D:\1 - research\1.24 - Honeycomb_J1J2\hpc\rendered\2026-07-18_102434_bsc_J1J2p06_merge_D8chi256_TM_JuliaEig_production\synced_final\D8\TM_spectrum\trivial\spectrum_k0_pi12_pi.csv,,eb7588bfc3a5dafd70e9f1714054ef3dfb2c8de60f49047a1d09fe95ebee254c
0.6,0.75,2.356194490192345,trivial,9,1.265621183769166,8,256,merge,original-eigsolve,43470110,Production validation passed for 13 momenta and 130 finite levels using Julia one-cycle Arnoldi semantics.,D:\1 - research\1.24 - Honeycomb_J1J2\hpc\rendered\2026-07-18_102434_bsc_J1J2p06_merge_D8chi256_TM_JuliaEig_production\synced_final\D8\TM_spectrum\trivial\spectrum_k0_pi12_pi.csv,,eb7588bfc3a5dafd70e9f1714054ef3dfb2c8de60f49047a1d09fe95ebee254c
0.6,0.75,2.356194490192345,trivial,10,1.280120095339342,8,256,merge,original-eigsolve,43470110,Production validation passed for 13 momenta and 130 finite levels using Julia one-cycle Arnoldi semantics.,D:\1 - research\1.24 - Honeycomb_J1J2\hpc\rendered\2026-07-18_102434_bsc_J1J2p06_merge_D8chi256_TM_JuliaEig_production\synced_final\D8\TM_spectrum\trivial\spectrum_k0_pi12_pi.csv,,eb7588bfc3a5dafd70e9f1714054ef3dfb2c8de60f49047a1d09fe95ebee254c
0.6,0.8333333333333334,2.6179938779914944,trivial,1,0.530577517754976,8,256,merge,original-eigsolve,43470110,Production validation passed for 13 momenta and 130 finite levels using Julia one-cycle Arnoldi semantics.,D:\1 - research\1.24 - Honeycomb_J1J2\hpc\rendered\2026-07-18_102434_bsc_J1J2p06_merge_D8chi256_TM_JuliaEig_production\synced_final\D8\TM_spectrum\trivial\spectrum_k0_pi12_pi.csv,,eb7588bfc3a5dafd70e9f1714054ef3dfb2c8de60f49047a1d09fe95ebee254c
0.6,0.8333333333333334,2.6179938779914944,trivial,2,0.797483150038995,8,256,merge,original-eigsolve,43470110,Production validation passed for 13 momenta and 130 finite levels using Julia one-cycle Arnoldi semantics.,D:\1 - research\1.24 - Honeycomb_J1J2\hpc\rendered\2026-07-18_102434_bsc_J1J2p06_merge_D8chi256_TM_JuliaEig_production\synced_final\D8\TM_spectrum\trivial\spectrum_k0_pi12_pi.csv,,eb7588bfc3a5dafd70e9f1714054ef3dfb2c8de60f49047a1d09fe95ebee254c
0.6,0.8333333333333334,2.6179938779914944,trivial,3,0.812223059974372,8,256,merge,original-eigsolve,43470110,Production validation passed for 13 momenta and 130 finite levels using Julia one-cycle Arnoldi semantics.,D:\1 - research\1.24 - Honeycomb_J1J2\hpc\rendered\2026-07-18_102434_bsc_J1J2p06_merge_D8chi256_TM_JuliaEig_production\synced_final\D8\TM_spectrum\trivial\spectrum_k0_pi12_pi.csv,,eb7588bfc3a5dafd70e9f1714054ef3dfb2c8de60f49047a1d09fe95ebee254c
0.6,0.8333333333333334,2.6179938779914944,trivial,4,0.819066521459885,8,256,merge,original-eigsolve,43470110,Production validation passed for 13 momenta and 130 finite levels using Julia one-cycle Arnoldi semantics.,D:\1 - research\1.24 - Honeycomb_J1J2\hpc\rendered\2026-07-18_102434_bsc_J1J2p06_merge_D8chi256_TM_JuliaEig_production\synced_final\D8\TM_spectrum\trivial\spectrum_k0_pi12_pi.csv,,eb7588bfc3a5dafd70e9f1714054ef3dfb2c8de60f49047a1d09fe95ebee254c
0.6,0.8333333333333334,2.6179938779914944,trivial,5,0.881583497290026,8,256,merge,original-eigsolve,43470110,Production validation passed for 13 momenta and 130 finite levels using Julia one-cycle Arnoldi semantics.,D:\1 - research\1.24 - Honeycomb_J1J2\hpc\rendered\2026-07-18_102434_bsc_J1J2p06_merge_D8chi256_TM_JuliaEig_production\synced_final\D8\TM_spectrum\trivial\spectrum_k0_pi12_pi.csv,,eb7588bfc3a5dafd70e9f1714054ef3dfb2c8de60f49047a1d09fe95ebee254c
0.6,0.8333333333333334,2.6179938779914944,trivial,6,0.885112627731269,8,256,merge,original-eigsolve,43470110,Production validation passed for 13 momenta and 130 finite levels using Julia one-cycle Arnoldi semantics.,D:\1 - research\1.24 - Honeycomb_J1J2\hpc\rendered\2026-07-18_102434_bsc_J1J2p06_merge_D8chi256_TM_JuliaEig_production\synced_final\D8\TM_spectrum\trivial\spectrum_k0_pi12_pi.csv,,eb7588bfc3a5dafd70e9f1714054ef3dfb2c8de60f49047a1d09fe95ebee254c
0.6,0.8333333333333334,2.6179938779914944,trivial,7,1.243881241050186,8,256,merge,original-eigsolve,43470110,Production validation passed for 13 momenta and 130 finite levels using Julia one-cycle Arnoldi semantics.,D:\1 - research\1.24 - Honeycomb_J1J2\hpc\rendered\2026-07-18_102434_bsc_J1J2p06_merge_D8chi256_TM_JuliaEig_production\synced_final\D8\TM_spectrum\trivial\spectrum_k0_pi12_pi.csv,,eb7588bfc3a5dafd70e9f1714054ef3dfb2c8de60f49047a1d09fe95ebee254c
0.6,0.8333333333333334,2.6179938779914944,trivial,8,1.252168172913634,8,256,merge,original-eigsolve,43470110,Production validation passed for 13 momenta and 130 finite levels using Julia one-cycle Arnoldi semantics.,D:\1 - research\1.24 - Honeycomb_J1J2\hpc\rendered\2026-07-18_102434_bsc_J1J2p06_merge_D8chi256_TM_JuliaEig_production\synced_final\D8\TM_spectrum\trivial\spectrum_k0_pi12_pi.csv,,eb7588bfc3a5dafd70e9f1714054ef3dfb2c8de60f49047a1d09fe95ebee254c
0.6,0.8333333333333334,2.6179938779914944,trivial,9,1.295349055191756,8,256,merge,original-eigsolve,43470110,Production validation passed for 13 momenta and 130 finite levels using Julia one-cycle Arnoldi semantics.,D:\1 - research\1.24 - Honeycomb_J1J2\hpc\rendered\2026-07-18_102434_bsc_J1J2p06_merge_D8chi256_TM_JuliaEig_production\synced_final\D8\TM_spectrum\trivial\spectrum_k0_pi12_pi.csv,,eb7588bfc3a5dafd70e9f1714054ef3dfb2c8de60f49047a1d09fe95ebee254c
0.6,0.8333333333333334,2.6179938779914944,trivial,10,1.314390045053339,8,256,merge,original-eigsolve,43470110,Production validation passed for 13 momenta and 130 finite levels using Julia one-cycle Arnoldi semantics.,D:\1 - research\1.24 - Honeycomb_J1J2\hpc\rendered\2026-07-18_102434_bsc_J1J2p06_merge_D8chi256_TM_JuliaEig_production\synced_final\D8\TM_spectrum\trivial\spectrum_k0_pi12_pi.csv,,eb7588bfc3a5dafd70e9f1714054ef3dfb2c8de60f49047a1d09fe95ebee254c
0.6,0.9166666666666666,2.8797932657906435,trivial,1,0.623516893575895,8,256,merge,original-eigsolve,43470110,Production validation passed for 13 momenta and 130 finite levels using Julia one-cycle Arnoldi semantics.,D:\1 - research\1.24 - Honeycomb_J1J2\hpc\rendered\2026-07-18_102434_bsc_J1J2p06_merge_D8chi256_TM_JuliaEig_production\synced_final\D8\TM_spectrum\trivial\spectrum_k0_pi12_pi.csv,,eb7588bfc3a5dafd70e9f1714054ef3dfb2c8de60f49047a1d09fe95ebee254c
0.6,0.9166666666666666,2.8797932657906435,trivial,2,0.760426020767663,8,256,merge,original-eigsolve,43470110,Production validation passed for 13 momenta and 130 finite levels using Julia one-cycle Arnoldi semantics.,D:\1 - research\1.24 - Honeycomb_J1J2\hpc\rendered\2026-07-18_102434_bsc_J1J2p06_merge_D8chi256_TM_JuliaEig_production\synced_final\D8\TM_spectrum\trivial\spectrum_k0_pi12_pi.csv,,eb7588bfc3a5dafd70e9f1714054ef3dfb2c8de60f49047a1d09fe95ebee254c
0.6,0.9166666666666666,2.8797932657906435,trivial,3,0.837463819394626,8,256,merge,original-eigsolve,43470110,Production validation passed for 13 momenta and 130 finite levels using Julia one-cycle Arnoldi semantics.,D:\1 - research\1.24 - Honeycomb_J1J2\hpc\rendered\2026-07-18_102434_bsc_J1J2p06_merge_D8chi256_TM_JuliaEig_production\synced_final\D8\TM_spectrum\trivial\spectrum_k0_pi12_pi.csv,,eb7588bfc3a5dafd70e9f1714054ef3dfb2c8de60f49047a1d09fe95ebee254c
0.6,0.9166666666666666,2.8797932657906435,trivial,4,0.843969009470357,8,256,merge,original-eigsolve,43470110,Production validation passed for 13 momenta and 130 finite levels using Julia one-cycle Arnoldi semantics.,D:\1 - research\1.24 - Honeycomb_J1J2\hpc\rendered\2026-07-18_102434_bsc_J1J2p06_merge_D8chi256_TM_JuliaEig_production\synced_final\D8\TM_spectrum\trivial\spectrum_k0_pi12_pi.csv,,eb7588bfc3a5dafd70e9f1714054ef3dfb2c8de60f49047a1d09fe95ebee254c
0.6,0.9166666666666666,2.8797932657906435,trivial,5,0.874964540909162,8,256,merge,original-eigsolve,43470110,Production validation passed for 13 momenta and 130 finite levels using Julia one-cycle Arnoldi semantics.,D:\1 - research\1.24 - Honeycomb_J1J2\hpc\rendered\2026-07-18_102434_bsc_J1J2p06_merge_D8chi256_TM_JuliaEig_production\synced_final\D8\TM_spectrum\trivial\spectrum_k0_pi12_pi.csv,,eb7588bfc3a5dafd70e9f1714054ef3dfb2c8de60f49047a1d09fe95ebee254c
0.6,0.9166666666666666,2.8797932657906435,trivial,6,0.879450971653829,8,256,merge,original-eigsolve,43470110,Production validation passed for 13 momenta and 130 finite levels using Julia one-cycle Arnoldi semantics.,D:\1 - research\1.24 - Honeycomb_J1J2\hpc\rendered\2026-07-18_102434_bsc_J1J2p06_merge_D8chi256_TM_JuliaEig_production\synced_final\D8\TM_spectrum\trivial\spectrum_k0_pi12_pi.csv,,eb7588bfc3a5dafd70e9f1714054ef3dfb2c8de60f49047a1d09fe95ebee254c
0.6,0.9166666666666666,2.8797932657906435,trivial,7,1.262229311197812,8,256,merge,original-eigsolve,43470110,Production validation passed for 13 momenta and 130 finite levels using Julia one-cycle Arnoldi semantics.,D:\1 - research\1.24 - Honeycomb_J1J2\hpc\rendered\2026-07-18_102434_bsc_J1J2p06_merge_D8chi256_TM_JuliaEig_production\synced_final\D8\TM_spectrum\trivial\spectrum_k0_pi12_pi.csv,,eb7588bfc3a5dafd70e9f1714054ef3dfb2c8de60f49047a1d09fe95ebee254c
0.6,0.9166666666666666,2.8797932657906435,trivial,8,1.263728292129068,8,256,merge,original-eigsolve,43470110,Production validation passed for 13 momenta and 130 finite levels using Julia one-cycle Arnoldi semantics.,D:\1 - research\1.24 - Honeycomb_J1J2\hpc\rendered\2026-07-18_102434_bsc_J1J2p06_merge_D8chi256_TM_JuliaEig_production\synced_final\D8\TM_spectrum\trivial\spectrum_k0_pi12_pi.csv,,eb7588bfc3a5dafd70e9f1714054ef3dfb2c8de60f49047a1d09fe95ebee254c
0.6,0.9166666666666666,2.8797932657906435,trivial,9,1.315278810040515,8,256,merge,original-eigsolve,43470110,Production validation passed for 13 momenta and 130 finite levels using Julia one-cycle Arnoldi semantics.,D:\1 - research\1.24 - Honeycomb_J1J2\hpc\rendered\2026-07-18_102434_bsc_J1J2p06_merge_D8chi256_TM_JuliaEig_production\synced_final\D8\TM_spectrum\trivial\spectrum_k0_pi12_pi.csv,,eb7588bfc3a5dafd70e9f1714054ef3dfb2c8de60f49047a1d09fe95ebee254c
0.6,0.9166666666666666,2.8797932657906435,trivial,10,1.343940381586027,8,256,merge,original-eigsolve,43470110,Production validation passed for 13 momenta and 130 finite levels using Julia one-cycle Arnoldi semantics.,D:\1 - research\1.24 - Honeycomb_J1J2\hpc\rendered\2026-07-18_102434_bsc_J1J2p06_merge_D8chi256_TM_JuliaEig_production\synced_final\D8\TM_spectrum\trivial\spectrum_k0_pi12_pi.csv,,eb7588bfc3a5dafd70e9f1714054ef3dfb2c8de60f49047a1d09fe95ebee254c
0.6,1.0,3.141592653589793,trivial,1,0.703145763687513,8,256,merge,original-eigsolve,43470110,Production validation passed for 13 momenta and 130 finite levels using Julia one-cycle Arnoldi semantics.,D:\1 - research\1.24 - Honeycomb_J1J2\hpc\rendered\2026-07-18_102434_bsc_J1J2p06_merge_D8chi256_TM_JuliaEig_production\synced_final\D8\TM_spectrum\trivial\spectrum_k0_pi12_pi.csv,,eb7588bfc3a5dafd70e9f1714054ef3dfb2c8de60f49047a1d09fe95ebee254c
0.6,1.0,3.141592653589793,trivial,2,0.703145763687513,8,256,merge,original-eigsolve,43470110,Production validation passed for 13 momenta and 130 finite levels using Julia one-cycle Arnoldi semantics.,D:\1 - research\1.24 - Honeycomb_J1J2\hpc\rendered\2026-07-18_102434_bsc_J1J2p06_merge_D8chi256_TM_JuliaEig_production\synced_final\D8\TM_spectrum\trivial\spectrum_k0_pi12_pi.csv,,eb7588bfc3a5dafd70e9f1714054ef3dfb2c8de60f49047a1d09fe95ebee254c
0.6,1.0,3.141592653589793,trivial,3,0.860887606436763,8,256,merge,original-eigsolve,43470110,Production validation passed for 13 momenta and 130 finite levels using Julia one-cycle Arnoldi semantics.,D:\1 - research\1.24 - Honeycomb_J1J2\hpc\rendered\2026-07-18_102434_bsc_J1J2p06_merge_D8chi256_TM_JuliaEig_production\synced_final\D8\TM_spectrum\trivial\spectrum_k0_pi12_pi.csv,,eb7588bfc3a5dafd70e9f1714054ef3dfb2c8de60f49047a1d09fe95ebee254c
0.6,1.0,3.141592653589793,trivial,4,0.860887606436763,8,256,merge,original-eigsolve,43470110,Production validation passed for 13 momenta and 130 finite levels using Julia one-cycle Arnoldi semantics.,D:\1 - research\1.24 - Honeycomb_J1J2\hpc\rendered\2026-07-18_102434_bsc_J1J2p06_merge_D8chi256_TM_JuliaEig_production\synced_final\D8\TM_spectrum\trivial\spectrum_k0_pi12_pi.csv,,eb7588bfc3a5dafd70e9f1714054ef3dfb2c8de60f49047a1d09fe95ebee254c
0.6,1.0,3.141592653589793,trivial,5,0.866493238476498,8,256,merge,original-eigsolve,43470110,Production validation passed for 13 momenta and 130 finite levels using Julia one-cycle Arnoldi semantics.,D:\1 - research\1.24 - Honeycomb_J1J2\hpc\rendered\2026-07-18_102434_bsc_J1J2p06_merge_D8chi256_TM_JuliaEig_production\synced_final\D8\TM_spectrum\trivial\spectrum_k0_pi12_pi.csv,,eb7588bfc3a5dafd70e9f1714054ef3dfb2c8de60f49047a1d09fe95ebee254c
0.6,1.0,3.141592653589793,trivial,6,0.866493238476498,8,256,merge,original-eigsolve,43470110,Production validation passed for 13 momenta and 130 finite levels using Julia one-cycle Arnoldi semantics.,D:\1 - research\1.24 - Honeycomb_J1J2\hpc\rendered\2026-07-18_102434_bsc_J1J2p06_merge_D8chi256_TM_JuliaEig_production\synced_final\D8\TM_spectrum\trivial\spectrum_k0_pi12_pi.csv,,eb7588bfc3a5dafd70e9f1714054ef3dfb2c8de60f49047a1d09fe95ebee254c
0.6,1.0,3.141592653589793,trivial,7,1.269390133432246,8,256,merge,original-eigsolve,43470110,Production validation passed for 13 momenta and 130 finite levels using Julia one-cycle Arnoldi semantics.,D:\1 - research\1.24 - Honeycomb_J1J2\hpc\rendered\2026-07-18_102434_bsc_J1J2p06_merge_D8chi256_TM_JuliaEig_production\synced_final\D8\TM_spectrum\trivial\spectrum_k0_pi12_pi.csv,,eb7588bfc3a5dafd70e9f1714054ef3dfb2c8de60f49047a1d09fe95ebee254c
0.6,1.0,3.141592653589793,trivial,8,1.269390133432246,8,256,merge,original-eigsolve,43470110,Production validation passed for 13 momenta and 130 finite levels using Julia one-cycle Arnoldi semantics.,D:\1 - research\1.24 - Honeycomb_J1J2\hpc\rendered\2026-07-18_102434_bsc_J1J2p06_merge_D8chi256_TM_JuliaEig_production\synced_final\D8\TM_spectrum\trivial\spectrum_k0_pi12_pi.csv,,eb7588bfc3a5dafd70e9f1714054ef3dfb2c8de60f49047a1d09fe95ebee254c
0.6,1.0,3.141592653589793,trivial,9,1.318666320613709,8,256,merge,original-eigsolve,43470110,Production validation passed for 13 momenta and 130 finite levels using Julia one-cycle Arnoldi semantics.,D:\1 - research\1.24 - Honeycomb_J1J2\hpc\rendered\2026-07-18_102434_bsc_J1J2p06_merge_D8chi256_TM_JuliaEig_production\synced_final\D8\TM_spectrum\trivial\spectrum_k0_pi12_pi.csv,,eb7588bfc3a5dafd70e9f1714054ef3dfb2c8de60f49047a1d09fe95ebee254c
0.6,1.0,3.141592653589793,trivial,10,1.318666320613709,8,256,merge,original-eigsolve,43470110,Production validation passed for 13 momenta and 130 finite levels using Julia one-cycle Arnoldi semantics.,D:\1 - research\1.24 - Honeycomb_J1J2\hpc\rendered\2026-07-18_102434_bsc_J1J2p06_merge_D8chi256_TM_JuliaEig_production\synced_final\D8\TM_spectrum\trivial\spectrum_k0_pi12_pi.csv,,eb7588bfc3a5dafd70e9f1714054ef3dfb2c8de60f49047a1d09fe95ebee254c
